31/5/10,26.9,,,,,,,,
1/6/10,28.34,,,,,,,,
2/6/10,28.92,,,,,,,,
3/6/10,26.11,,,,,,,,
4/6/10,26.73,,,,,,,,
7/6/10,31.03,,,,,,,,
8/6/10,29.21,,,,,,,,
9/6/10,28.92,,,,,,,,
10/6/10,27.13,,,,,,,,
11/6/10,24.79,,,,,,,,
15/6/10,24.49,,,,,,,,
16/6/10,22.9,,,,,,,,
17/6/10,22.9,,,,,,,,
18/6/10,20.42,,,,,,,,
21/6/10,20.32,,,,,,,,
22/6/10,21.22,,,,,,,,
23/6/10,22.83,,,,,,,,
24/6/10,21.98,,,,,,,,
25/6/10,24.35,,,,,,,,
28/6/10,25.68,,,,,,,,
29/6/10,25.76,,,,,,,,
30/6/10,28.59,,,,,,,,
1/7/10,31.25,,,,,,,,
2/7/10,28.61,,,,,,,,
5/7/10,27.64,,,,,,,,
6/7/10,26.75,,,,,,,,
7/7/10,25.83,,,,,,,,
8/7/10,23.47,,,,,,,,
9/7/10,20.78,,,,,,,,
12/7/10,20.77,,,,,,,,
13/7/10,21.62,,,,,,,,
14/7/10,20.05,,,,,,,,
15/7/10,20.35,,,,,,,,
16/7/10,21.34,,,,,,,,
19/7/10,24.25,,,,,,,,
20/7/10,22.22,,,,,,,,
21/7/10,21.23,,,,,,,,
22/7/10,21.85,,,,,,,,
23/7/10,20.36,,,,,,,,
26/7/10,20.42,,,,,,,,
27/7/10,20.48,,,,,,,,
28/7/10,19.72,,,,,,,,
29/7/10,20.29,,,,,,,,
30/7/10,20.73,,,,,,,,
2/8/10,19.86,,,,,,,,
3/8/10,19.55,,,,,,,,
4/8/10,19.93,,,,,,,,
5/8/10,20.96,,,,,,,,
6/8/10,20.66,,,,,,,,
9/8/10,20.23,,,,,,,,
10/8/10,20.61,,,,,,,,
11/8/10,23.46,,,,,,,,
12/8/10,25.16,,,,,,,,
13/8/10,24.34,,,,,,,,
16/8/10,24.04,,,,,,,,
17/8/10,22.88,,,,,,,,
18/8/10,22.16,,,,,,,,
19/8/10,22.6,,,,,,,,
20/8/10,23.81,,,,,,,,
23/8/10,23.77,,,,,,,,
24/8/10,24.84,,,,,,,,
25/8/10,27.22,,,,,,,,
26/8/10,25.15,,,,,,,,
27/8/10,24.62,,,,,,,,
30/8/10,23.42,,,,,,,,
31/8/10,24.55,,,,,,,,
1/9/10,22.83,,,,,,,,
2/9/10,21.98,,,,,,,,
3/9/10,21.34,,,,,,,,
6/9/10,20.12,,,,,,,,
7/9/10,20.16,,,,,,,,
8/9/10,20.95,,,,,,,,
9/9/10,19.84,,,,,,,,
10/9/10,19.44,,,,,,,,
13/9/10,19.21,,,,,,,,
14/9/10,18.08,,,,,,,,
15/9/10,17.32,,,,,,,,
16/9/10,19.38,,,,,,,,
17/9/10,18.93,,,,,,,,
20/9/10,18.99,,,,,,,,
21/9/10,19.08,,,,,,,,
22/9/10,18.92,,,,,,,,
23/9/10,18.31,,,,,,,,
24/9/10,18.86,,,,,,,,
27/9/10,17.36,,,,,,,,
28/9/10,17.79,,,,,,,,
29/9/10,18.38,,,,,,,,
30/9/10,19.71,,,,,,,,
1/10/10,19.64,,,,,,,,
4/10/10,19.08,,,,,,,,
5/10/10,19.22,,,,,,,,
6/10/10,18.82,,,,,,,,
7/10/10,19.18,,,,,,,,
8/10/10,19.01,,,,,,,,
11/10/10,19.01,,,,,,,,
12/10/10,21.23,,,,,,,,
13/10/10,20.5,,,,,,,,
14/10/10,19.6,,,,,,,,
15/10/10,19.14,,,,,,,,
18/10/10,20.62,,,,,,,,
19/10/10,19.91,,,,,,,,
20/10/10,20.45,,,,,,,,
21/10/10,20.6,,,,,,,,
22/10/10,19.46,,,,,,,,
25/10/10,19.51,,,,,,,,
26/10/10,19.91,,,,,,,,
27/10/10,20.63,,,,,,,,
28/10/10,20.05,,,,,,,,
29/10/10,20.32,,,,,,,,
1/11/10,20.66,,,,,,,,
2/11/10,20.29,,,,,,,,
3/11/10,20.52,,,,,,,,
4/11/10,18.34,,,,,,,,
5/11/10,18.3,,,,,,,,
8/11/10,18.6,,,,,,,,
9/11/10,19.18,,,,,,,,
10/11/10,19.96,,,,,,,,
11/11/10,19.34,,,,,,,,
12/11/10,20.39,,,,,,,,
15/11/10,21.05,,,,,,,,
16/11/10,20.68,,,,,,,,
17/11/10,21.92,,,,,,,,
18/11/10,20.85,,,,,,,,
19/11/10,20.15,,,,,,,,
22/11/10,19.24,,,,,,,,
23/11/10,20.48,,,,,,,,
24/11/10,20.02,,,,,,,,
25/11/10,18.84,,,,,,,,
26/11/10,18.02,,,,,,,,
29/11/10,18.64,,,,,,,,
30/11/10,18.73,,,,,,,,
1/12/10,19.19,,,,,,,,
2/12/10,17.46,,,,,,,,
3/12/10,16.59,,,,,,,,
6/12/10,16.28,,,,,,,,
7/12/10,15.69,,,,,,,,
8/12/10,15.66,,,,,,,,
9/12/10,14.8,,,,,,,,
10/12/10,12.16,,,,,,,,
13/12/10,12.77,,,,,,,,
14/12/10,12.72,,,,,,,,
15/12/10,12.47,,,,,,,,
16/12/10,12.77,,,,,,,,
17/12/10,12.7,,,,,,,,
20/12/10,13.71,,,,,,,,
21/12/10,13.55,,,,,,,,
22/12/10,13.61,,,,,,,,
23/12/10,13.96,,,,,,,,
24/12/10,14.26,,,,,,,,
29/12/10,16.13,,,,,,,,
30/12/10,15.86,,,,,,,,
31/12/10,16.04,,,,,,,,
4/1/11,17.91,,,,,,,,
5/1/11,17.49,,,,,,,,
6/1/11,16.86,,,,,,,,
7/1/11,16.32,,,,,,,,
10/1/11,16.08,,,,,,,,
11/1/11,15.84,,,,,,,,
12/1/11,15.28,,,,,,,,
13/1/11,14.39,,,,,,,,
14/1/11,14.2,,,,,,,,
17/1/11,15.32,,,,,,,,
18/1/11,14.45,,,,,,,,
19/1/11,13.79,,,,,,,,
20/1/11,15.27,,,,,,,,
21/1/11,16.17,,,,,,,,
24/1/11,16.09,,,,,,,,
25/1/11,15.25,,,,,,,,
27/1/11,15.27,,,,,,,,
28/1/11,15.99,,,,,,,,
31/1/11,16.95,,,,,,,,
1/2/11,16.61,,,,,,,,
2/2/11,15.54,,,,,,,,
3/2/11,15.33,,,,,,,,
4/2/11,15.05,,,,,,,,
7/2/11,14.95,,,,,,,,
8/2/11,14.88,,,,,,,,
9/2/11,14.77,,,,,,,,
10/2/11,14.89,,,,,,,,
11/2/11,14.98,,,,,,,,
14/2/11,14.66,,,,,,,,
15/2/11,14.42,,,,,,,,
16/2/11,14.28,,,,,,,,
17/2/11,13.95,,,,,,,,
18/2/11,14.36,,,,,,,,
21/2/11,16.11,,,,,,,,
22/2/11,18.28,,,,,,,,
23/2/11,18.83,,,,,,,,
24/2/11,19.22,,,,,,,,
25/2/11,17.25,,,,,,,,
28/2/11,17.38,,,,,,,,
1/3/11,17.25,,,,,,,,
2/3/11,17.97,,,,,,,,
3/3/11,17.24,,,,,,,,
4/3/11,15.88,,,,,,,,
7/3/11,16.62,,,,,,,,
8/3/11,17.1,,,,,,,,
9/3/11,17.77,,,,,,,,
10/3/11,20.06,,,,,,,,
11/3/11,21.3,,,,,,,,
14/3/11,21.61,,,,,,,,
15/3/11,24.47,,,,,,,,
16/3/11,23.99,,,,,,,,
17/3/11,24.81,,,,,,,,
18/3/11,21.09,,,,,,,,
21/3/11,19.54,,,,,,,,
22/3/11,19.32,,,,,,,,
23/3/11,18.17,,,,,,,,
24/3/11,17.41,,,,,,,,
25/3/11,16.44,,,,,,,,
28/3/11,16.72,,,,,,,,
29/3/11,15.49,,,,,,,,
30/3/11,15.14,,,,,,,,
31/3/11,14.79,,,,,,,,
1/4/11,15.02,,,,,,,,
4/4/11,15.15,,,,,,,,
5/4/11,14.76,,,,,,,,
6/4/11,15.23,,,,,,,,
7/4/11,15.08,,,,,,,,
8/4/11,14.91,,,,,,,,
11/4/11,14.77,,,,,,,,
12/4/11,17.45,,,,,,,,
13/4/11,16.81,,,,,,,,
14/4/11,16.79,,,,,,,,
15/4/11,17.14,,,,,,,,
18/4/11,16.64,,,,,,,,
19/4/11,17.73,,,,,,,,
20/4/11,15.56,,,,,,,,
21/4/11,15.18,,,,,,,,
27/4/11,17.7,,,,,,,,
28/4/11,17.15,,,,,,,,
29/4/11,18.42,,,,,,,,
2/5/11,18.17,,,,,,,,
3/5/11,18.38,,,,,,,,
4/5/11,19.39,,,,,,,,
5/5/11,18.32,,,,,,,,
6/5/11,19.13,,,,,,,,
9/5/11,18.47,,,,,,,,
10/5/11,19.15,,,,,,,,
11/5/11,17.78,,,,,,,,
12/5/11,19.49,,,,,,,,
13/5/11,22.16,,,,,,,,
16/5/11,22,,,,,,,,
17/5/11,19.45,,,,,,,,
18/5/11,17.75,,,,,,,,
19/5/11,16.19,,,,,,,,
20/5/11,15.65,,,,,,,,
23/5/11,16.62,,,,,,,,
24/5/11,15.63,,,,,,,,
25/5/11,15.92,,,,,,,,
26/5/11,19.52,,,,,,,,
27/5/11,18.29,,,,,,,,
30/5/11,18.58,,,,,,,,
31/5/11,18.1,,,,,,,,
1/6/11,17.29,,,,,,,,
2/6/11,20.69,,,,,,,,
3/6/11,21,,,,,,,,
6/6/11,21.17,,,,,,,,
7/6/11,20.26,,,,,,,,
8/6/11,20.29,,,,,,,,
9/6/11,18.91,,,,,,,,
10/6/11,17.41,,,,,,,,
14/6/11,18.2,,,,,,,,
15/6/11,16.72,,,,,,,,
16/6/11,19.96,,,,,,,,
17/6/11,20.67,,,,,,,,
20/6/11,21.57,,,,,,,,
21/6/11,20.03,,,,,,,,
22/6/11,18.66,,,,,,,,
23/6/11,19.18,,,,,,,,
24/6/11,18.76,,,,,,,,
27/6/11,20.97,,,,,,,,
28/6/11,21.29,,,,,,,,
29/6/11,20.39,,,,,,,,
30/6/11,18.51,,,,,,,,
1/7/11,17.01,,,,,,,,
4/7/11,17.45,,,,,,,,
5/7/11,17,,,,,,,,
6/7/11,16.41,,,,,,,,
7/7/11,16.46,,,,,,,,
8/7/11,15.85,,,,,,,,
11/7/11,17.86,,,,,,,,
12/7/11,20.61,,,,,,,,
13/7/11,20.96,,,,,,,,
14/7/11,22.14,,,,,,,,
15/7/11,21.58,,,,,,,,
18/7/11,22.08,,,,,,,,
19/7/11,21.51,,,,,,,,
20/7/11,18.91,,,,,,,,
21/7/11,18.59,,,,,,,,
22/7/11,17.2,,,,,,,,
25/7/11,20.15,,,,,,,,
26/7/11,19.21,,,,,,,,
27/7/11,19.9,,,,,,,,
28/7/11,21.99,,,,,,,,
29/7/11,24.31,,,,,,,,
1/8/11,21.68,,,,,,,,
2/8/11,22.72,,,,,,,,
3/8/11,25.23,,,,,,,,
4/8/11,25.14,,,,,,,,
5/8/11,31.87,,,,,,,,
8/8/11,39.07,,,,,,,,
9/8/11,42.58,,,,,,,,
10/8/11,35.9,,,,,,,,
11/8/11,38.76,,,,,,,,
12/8/11,35.44,,,,,,,,
15/8/11,30.86,,,,,,,,
16/8/11,30.35,,,,,,,,
17/8/11,27.32,,,,,,,,
18/8/11,30.96,,,,,,,,
19/8/11,39.05,,,,,,,,
22/8/11,37.78,,,,,,,,
23/8/11,33.96,,,,,,,,
24/8/11,36.31,,,,,,,,
25/8/11,34.49,,,,,,,,
26/8/11,34.29,,,,,,,,
29/8/11,31.52,,,,,,,,
30/8/11,29.06,,,,,,,,
31/8/11,28.55,,,,,,,,
1/9/11,27.34,,,,,,,,
2/9/11,29.8,,,,,,,,
5/9/11,34.23,,,,,,,,
6/9/11,36.01,,,,,,,,
7/9/11,31.59,,,,,,,,
8/9/11,32.41,,,,,,,,
9/9/11,33.02,,,,,,,,
12/9/11,39.76,,,,,,,,
13/9/11,36.09,,,,,,,,
14/9/11,37.74,,,,,,,,
15/9/11,34.6,,,,,,,,
16/9/11,30.1,,,,,,,,
19/9/11,33.11,,,,,,,,
20/9/11,33.76,,,,,,,,
21/9/11,32.41,,,,,,,,
22/9/11,35.11,,,,,,,,
23/9/11,38.51,,,,,,,,
26/9/11,41.73,,,,,,,,
27/9/11,37.27,,,,,,,,
28/9/11,36.34,,,,,,,,
29/9/11,37.26,,,,,,,,
30/9/11,37.18,,,,,,,,
3/10/11,42.13,,,,,,,,
4/10/11,41.97,,,,,,,,
5/10/11,43.93,,,,,,,,
6/10/11,34.49,,,,,,,,
7/10/11,36.88,,,,,,,,
10/10/11,31.41,,,,,,,,
11/10/11,30.68,,,,,,,,
12/10/11,30.45,,,,,,,,
13/10/11,28.59,,,,,,,,
14/10/11,29.21,,,,,,,,
17/10/11,27.62,,,,,,,,
18/10/11,32.08,,,,,,,,
19/10/11,29.56,,,,,,,,
20/10/11,32.72,,,,,,,,
21/10/11,31.53,,,,,,,,
24/10/11,28.52,,,,,,,,
25/10/11,28.14,,,,,,,,
26/10/11,28.55,,,,,,,,
27/10/11,28.98,,,,,,,,
28/10/11,24.79,,,,,,,,
31/10/11,25.29,,,,,,,,
1/11/11,28.14,,,,,,,,
2/11/11,29.76,,,,,,,,
3/11/11,31.28,,,,,,,,
4/11/11,26.23,,,,,,,,
7/11/11,27.35,,,,,,,,
8/11/11,26.73,,,,,,,,
9/11/11,25.1,,,,,,,,
10/11/11,29.21,,,,,,,,
11/11/11,28,,,,,,,,
14/11/11,26.3,,,,,,,,
15/11/11,27.73,,,,,,,,
16/11/11,27.12,,,,,,,,
17/11/11,27.34,,,,,,,,
18/11/11,29.44,,,,,,,,
21/11/11,28.04,,,,,,,,
22/11/11,27.38,,,,,,,,
23/11/11,27.16,,,,,,,,
24/11/11,26.26,,,,,,,,
25/11/11,26.95,,,,,,,,
28/11/11,24.56,,,,,,,,
29/11/11,21.2,,,,,,,,
30/11/11,20.11,,,,,,,,
1/12/11,17.42,,,,,,,,
2/12/11,16.16,,,,,,,,
5/12/11,15.07,,,,,,,,
6/12/11,15.2,,,,,,,,
7/12/11,13.48,,,,,,,,
8/12/11,13.63,,,,,,,,
9/12/11,24.08,,,,,,,,
12/12/11,21.04,,,,,,,,
13/12/11,22.45,,,,,,,,
14/12/11,22.51,,,,,,,,
15/12/11,23.04,,,,,,,,
16/12/11,21.42,,,,,,,,
19/12/11,24.91,,,,,,,,
20/12/11,24.33,,,,,,,,
21/12/11,22.56,,,,,,,,
22/12/11,22.48,,,,,,,,
23/12/11,21.05,,,,,,,,
28/12/11,24.25,,,,,,,,
29/12/11,25.34,,,,,,,,
30/12/11,24.86,,,,,,,,
3/1/12,25.75,,,,,,,,
4/1/12,23.06,,,,,,,,
5/1/12,22.93,,,,,,,,
6/1/12,23.18,,,,,,,,
9/1/12,22.95,,,,,,,,
10/1/12,20.56,,,,,,,,
11/1/12,20.24,,,,,,,,
12/1/12,19.69,,,,,,,,
13/1/12,19.04,,,,,,,,
16/1/12,20.79,,,,,,,,
17/1/12,18.88,,,,,,,,
18/1/12,18.88,,,,,,,,
19/1/12,18.93,,,,,,,,
20/1/12,18.35,,,,,,,,
23/1/12,19.41,,,,,,,,
24/1/12,19.07,,,,,,,,
25/1/12,17.95,,,,,,,,
27/1/12,18.29,,,,,,,,
30/1/12,19.34,,,,,,,,
31/1/12,18.9,,,,,,,,
1/2/12,20.76,,,,,,,,
2/2/12,19.39,,,,,,,,
3/2/12,19.47,,,,,,,,
6/2/12,19.67,,,,,,,,
7/2/12,19.79,,,,,,,,
8/2/12,19.69,,,,,,,,
9/2/12,19.81,,,,,,,,
10/2/12,19.07,,,,,,,,
13/2/12,19.33,,,,,,,,
14/2/12,19.47,,,,,,,,
15/2/12,19.09,,,,,,,,
16/2/12,20.83,,,,,,,,
17/2/12,19.75,,,,,,,,
20/2/12,18.87,,,,,,,,
21/2/12,19.37,,,,,,,,
22/2/12,18.08,,,,,,,,
23/2/12,17.83,,,,,,,,
24/2/12,16.74,,,,,,,,
27/2/12,17.69,,,,,,,,
28/2/12,17.87,,,,,,,,
29/2/12,17.64,,,,,,,,
1/3/12,18.22,,,,,,,,
2/3/12,16.83,,,,,,,,
5/3/12,17.52,,,,,,,,
6/3/12,19.1,,,,,,,,
7/3/12,20.44,,,,,,,,
8/3/12,19.5,,,,,,,,
9/3/12,16.75,,,,,,,,
12/3/12,17.77,,,,,,,,
13/3/12,16.91,,,,,,,,
14/3/12,16.17,,,,,,,,
15/3/12,15.97,,,,,,,,
16/3/12,16.09,,,,,,,,
19/3/12,15.47,,,,,,,,
20/3/12,15.71,,,,,,,,
21/3/12,15.79,,,,,,,,
22/3/12,15.4,,,,,,,,
23/3/12,15.21,,,,,,,,
26/3/12,15.9,,,,,,,,
27/3/12,16.11,,,,,,,,
28/3/12,15.6,,,,,,,,
29/3/12,15.48,,,,,,,,
30/3/12,14.57,,,,,,,,
2/4/12,15.7,,,,,,,,
3/4/12,14.72,,,,,,,,
4/4/12,14.93,,,,,,,,
5/4/12,15.24,,,,,,,,
10/4/12,16.44,,,,,,,,
11/4/12,17.87,,,,,,,,
12/4/12,16.65,,,,,,,,
13/4/12,15.02,,,,,,,,
16/4/12,16.39,,,,,,,,
17/4/12,16.53,,,,,,,,
18/4/12,15.01,,,,,,,,
19/4/12,14.49,,,,,,,,
20/4/12,14.66,,,,,,,,
23/4/12,15.19,,,,,,,,
24/4/12,15.18,,,,,,,,
26/4/12,15.38,,,,,,,,
27/4/12,14.94,,,,,,,,
30/4/12,15.03,,,,,,,,
1/5/12,14.96,,,,,,,,
2/5/12,14.6,,,,,,,,
3/5/12,14.6,,,,,,,,
4/5/12,15.17,,,,,,,,
7/5/12,18.41,,,,,,,,
8/5/12,17.58,,,,,,,,
9/5/12,19.09,,,,,,,,
10/5/12,17.95,,,,,,,,
11/5/12,18.09,,,,,,,,
14/5/12,17.84,,,,,,,,
15/5/12,18.8,,,,,,,,
16/5/12,21.37,,,,,,,,
17/5/12,21.06,,,,,,,,
18/5/12,26.64,,,,,,,,
21/5/12,25.18,,,,,,,,
22/5/12,22.91,,,,,,,,
23/5/12,24.83,,,,,,,,
24/5/12,24.49,,,,,,,,
25/5/12,24.07,,,,,,,,
28/5/12,22.25,,,,,,,,
29/5/12,21.21,,,,,,,,
30/5/12,22.17,,,,,,,,
31/5/12,22.98,,,,,,,,
1/6/12,23.26,,,,,,,,
4/6/12,26.63,,,,,,,,
5/6/12,24.21,,,,,,,,
6/6/12,23.03,,,,,,,,
7/6/12,21.17,,,,,,,,
8/6/12,23.09,,,,,,,,
12/6/12,23.21,,,,,,,,
13/6/12,23.33,,,,,,,,
14/6/12,24.14,,,,,,,,
15/6/12,24.13,,,,,,,,
18/6/12,19.43,,,,,,,,
19/6/12,18.65,,,,,,,,
20/6/12,18.87,,,,,,,,
21/6/12,18.91,,,,,,,,
22/6/12,19.69,,,,,,,,
25/6/12,19.84,,,,,,,,
26/6/12,19.89,,,,,,,,
27/6/12,18.47,,,,,,,,
28/6/12,18.89,,,,,,,,
29/6/12,17.85,,,,,,,,
2/7/12,16.73,,,,,,,,
3/7/12,16.05,,,,,,,,
4/7/12,15.53,,,,,,,,
5/7/12,15.98,,,,,,,,
6/7/12,16.09,,,,,,,,
9/7/12,17.04,,,,,,,,
10/7/12,17.12,,,,,,,,
11/7/12,16.35,,,,,,,,
12/7/12,16.98,,,,,,,,
13/7/12,15.95,,,,,,,,
16/7/12,15.33,,,,,,,,
17/7/12,15.18,,,,,,,,
18/7/12,15.56,,,,,,,,
19/7/12,15.37,,,,,,,,
20/7/12,15.62,,,,,,,,
23/7/12,18.26,,,,,,,,
24/7/12,18.38,,,,,,,,
25/7/12,18.91,,,,,,,,
26/7/12,18.36,,,,,,,,
27/7/12,16.35,,,,,,,,
30/7/12,16.95,,,,,,,,
31/7/12,17.01,,,,,,,,
1/8/12,17.46,,,,,,,,
2/8/12,17.55,,,,,,,,
3/8/12,16.56,,,,,,,,
6/8/12,16.5,,,,,,,,
7/8/12,16.15,,,,,,,,
8/8/12,16.04,,,,,,,,
9/8/12,16.04,,,,,,,,
10/8/12,14.76,,,,,,,,
13/8/12,16.23,,,,,,,,
14/8/12,14.78,,,,,,,,
15/8/12,14.74,,,,,,,,
16/8/12,14.13,,,,,,,,
17/8/12,14.38,,,,,,,,
20/8/12,15.22,,,,,,,,
21/8/12,14.67,,,,,,,,
22/8/12,15.23,,,,,,,,
23/8/12,15.29,,,,,,,,
24/8/12,15.51,,,,,,,,
27/8/12,15.96,,,,,,,,
28/8/12,15.88,,,,,,,,
29/8/12,15.45,,,,,,,,
30/8/12,16.19,,,,,,,,
31/8/12,16.55,,,,,,,,
3/9/12,15.7,,,,,,,,
4/9/12,16.35,,,,,,,,
5/9/12,17.09,,,,,,,,
6/9/12,15.83,,,,,,,,
7/9/12,15.21,,,,,,,,
10/9/12,14.59,,,,,,,,
11/9/12,14.25,,,,,,,,
12/9/12,14.06,,,,,,,,
13/9/12,13.51,,,,,,,,
14/9/12,12.88,,,,,,,,
17/9/12,13.13,,,,,,,,
18/9/12,13.39,,,,,,,,
19/9/12,12.37,,,,,,,,
20/9/12,12.58,,,,,,,,
21/9/12,12.16,,,,,,,,
24/9/12,12.46,,,,,,,,
25/9/12,11.62,,,,,,,,
26/9/12,12.37,,,,,,,,
27/9/12,11.93,,,,,,,,
28/9/12,11.58,,,,,,,,
1/10/12,12.4,,,,,,,,
2/10/12,12.24,,,,,,,,
3/10/12,12.31,,,,,,,,
4/10/12,12.02,,,,,,,,
5/10/12,12.1,,,,,,,,
8/10/12,12.44,,,,,,,,
9/10/12,12.16,,,,,,,,
10/10/12,13.16,,,,,,,,
11/10/12,13.44,,,,,,,,
12/10/12,12.43,,,,,,,,
15/10/12,13.32,,,,,,,,
16/10/12,12.41,,,,,,,,
17/10/12,12.35,,,,,,,,
18/10/12,12.49,,,,,,,,
19/10/12,12.17,,,,,,,,
22/10/12,13.05,,,,,,,,
23/10/12,12.99,,,,,,,,
24/10/12,13.79,,,,,,,,
25/10/12,13.51,,,,,,,,
26/10/12,14.17,,,,,,,,
29/10/12,14.22,,,,,,,,
30/10/12,13.92,,,,,,,,
31/10/12,13.36,,,,,,,,
1/11/12,14.8,,,,,,,,
2/11/12,14.98,,,,,,,,
5/11/12,14.77,,,,,,,,
6/11/12,14.36,,,,,,,,
7/11/12,14,,,,,,,,
8/11/12,14.08,,,,,,,,
9/11/12,13.75,,,,,,,,
12/11/12,14.92,,,,,,,,
13/11/12,16.72,,,,,,,,
14/11/12,15.04,,,,,,,,
15/11/12,15.78,,,,,,,,
16/11/12,16.02,,,,,,,,
19/11/12,15.56,,,,,,,,
20/11/12,14.74,,,,,,,,
21/11/12,13.71,,,,,,,,
22/11/12,13.31,,,,,,,,
23/11/12,12.82,,,,,,,,
26/11/12,12.93,,,,,,,,
27/11/12,12.66,,,,,,,,
28/11/12,12.85,,,,,,,,
29/11/12,12.57,,,,,,,,
30/11/12,12.11,,,,,,,,
3/12/12,12.42,,,,,,,,
4/12/12,12.98,,,,,,,,
5/12/12,12.62,,,,,,,,
6/12/12,13.46,,,,,,,,
7/12/12,13.73,,,,,,,,
10/12/12,13.74,,,,,,,,
11/12/12,13.58,,,,,,,,
12/12/12,13.3,,,,,,,,
13/12/12,12.77,,,,,,,,
14/12/12,12.34,,,,,,,,
17/12/12,12.57,,,,,,,,
18/12/12,12.01,,,,,,,,
19/12/12,11.5,,,,,,,,
20/12/12,12.56,,,,,,,,
21/12/12,12.81,,,,,,,,
24/12/12,12.29,,,,,,,,
27/12/12,13.23,,,,,,,,
28/12/12,13.28,,,,,,,,
31/12/12,14.7,,,,,,,,
2/1/13,13.02,,,,,,,,
3/1/13,12.3,,,,,,,,
4/1/13,12.44,,,,,,,,
7/1/13,13.17,,,,,,,,
8/1/13,12.92,,,,,,,,
9/1/13,12.02,,,,,,,,
10/1/13,11.9,,,,,,,,
11/1/13,11.64,,,,,,,,
14/1/13,10.59,,,,,,,,
15/1/13,10.91,,,,,,,,
16/1/13,10.54,,,,,,,,
17/1/13,11.21,,,,,,,,
18/1/13,11.43,,,,,,,,
21/1/13,11.02,,,,,,,,
22/1/13,10.96,,,,,,,,
23/1/13,10.92,,,,,,,,
24/1/13,10.97,,,,,,,,
25/1/13,10.83,,,,,,,,
29/1/13,11.96,,,,,,,,
30/1/13,11.71,,,,,,,,
31/1/13,12.87,,,,,,,,
1/2/13,13.34,,,,,,,,
4/2/13,13.42,,,,,,,,
5/2/13,14.39,,,,,,,,
6/2/13,13.75,,,,,,,,
7/2/13,14.01,,,,,,,,
8/2/13,13.64,,,,,,,,
11/2/13,14.66,,,,,,,,
12/2/13,13.79,,,,,,,,
13/2/13,13.64,,,,,,,,
14/2/13,13.75,,,,,,,,
15/2/13,14.37,,,,,,,,
18/2/13,14.39,,,,,,,,
19/2/13,13.77,,,,,,,,
20/2/13,13.24,,,,,,,,
21/2/13,16.06,,,,,,,,
22/2/13,15.27,,,,,,,,
25/2/13,15.53,,,,,,,,
26/2/13,16.99,,,,,,,,
27/2/13,16.07,,,,,,,,
28/2/13,15.41,,,,,,,,
1/3/13,15.34,,,,,,,,
4/3/13,16.24,,,,,,,,
5/3/13,15.87,,,,,,,,
6/3/13,15.38,,,,,,,,
7/3/13,14.93,,,,,,,,
8/3/13,14.36,,,,,,,,
11/3/13,13.83,,,,,,,,
12/3/13,13.93,,,,,,,,
13/3/13,14.18,,,,,,,,
14/3/13,15.3,,,,,,,,
15/3/13,14.27,,,,,,,,
18/3/13,18.3,,,,,,,,
19/3/13,17.73,,,,,,,,
20/3/13,16.77,,,,,,,,
21/3/13,15.69,,,,,,,,
22/3/13,15.01,,,,,,,,
25/3/13,14.74,,,,,,,,
26/3/13,14.81,,,,,,,,
27/3/13,13.67,,,,,,,,
28/3/13,14.1,,,,,,,,
2/4/13,14.5,,,,,,,,
3/4/13,14.74,,,,,,,,
4/4/13,15.09,,,,,,,,
5/4/13,14.91,,,,,,,,
8/4/13,14.51,,,,,,,,
9/4/13,13.36,,,,,,,,
10/4/13,13.4,,,,,,,,
11/4/13,12.61,,,,,,,,
12/4/13,12.48,,,,,,,,
15/4/13,13.76,,,,,,,,
16/4/13,14.07,,,,,,,,
17/4/13,13.37,,,,,,,,
18/4/13,15.88,,,,,,,,
19/4/13,14.55,,,,,,,,
22/4/13,13.78,,,,,,,,
23/4/13,13.71,,,,,,,,
24/4/13,13.55,,,,,,,,
26/4/13,13.56,,,,,,,,
29/4/13,13.82,,,,,,,,
30/4/13,14.39,,,,,,,,
1/5/13,14.45,,,,,,,,
2/5/13,14.85,,,,,,,,
3/5/13,14.43,,,,,,,,
6/5/13,14.42,,,,,,,,
7/5/13,14.69,,,,,,,,
8/5/13,14,,,,,,,,
9/5/13,13.5,,,,,,,,
10/5/13,13.12,,,,,,,,
13/5/13,13.38,,,,,,,,
14/5/13,13.01,,,,,,,,
15/5/13,13.66,,,,,,,,
16/5/13,13.73,,,,,,,,
17/5/13,12.89,,,,,,,,
20/5/13,13.3,,,,,,,,
21/5/13,13.25,,,,,,,,
22/5/13,13.1,,,,,,,,
23/5/13,16.73,,,,,,,,
24/5/13,17.17,,,,,,,,
27/5/13,17.36,,,,,,,,
28/5/13,16.61,,,,,,,,
29/5/13,16.35,,,,,,,,
30/5/13,17.01,,,,,,,,
31/5/13,16.58,,,,,,,,
3/6/13,17.62,,,,,,,,
4/6/13,17.01,,,,,,,,
5/6/13,17.61,,,,,,,,
6/6/13,18.15,,,,,,,,
7/6/13,19.21,,,,,,,,
11/6/13,19.6,,,,,,,,
12/6/13,19.71,,,,,,,,
13/6/13,20.79,,,,,,,,
14/6/13,18.11,,,,,,,,
17/6/13,17.92,,,,,,,,
18/6/13,18.06,,,,,,,,
19/6/13,17.24,,,,,,,,
20/6/13,20.12,,,,,,,,
21/6/13,20.22,,,,,,,,
24/6/13,21.59,,,,,,,,
25/6/13,21.68,,,,,,,,
26/6/13,19.71,,,,,,,,
27/6/13,17.67,,,,,,,,
28/6/13,17.64,,,,,,,,
1/7/13,20.21,,,,,,,,
2/7/13,18.69,,,,,,,,
3/7/13,20.94,,,,,,,,
4/7/13,19.42,,,,,,,,
5/7/13,19.1,,,,,,,,
8/7/13,19.92,,,,,,,,
9/7/13,18.33,,,,,,,,
10/7/13,17.5,,,,,,,,
11/7/13,16.56,,,,,,,,
12/7/13,15.31,,,,,,,,
15/7/13,15.28,,,,,,,,
16/7/13,14.65,,,,,,,,
17/7/13,14.37,,,,,,,,
18/7/13,13.77,,,,,,,,
19/7/13,14.26,,,,,,,,
22/7/13,13.95,,,,,,,,
23/7/13,13.28,,,,,,,,
24/7/13,13.37,,,,,,,,
25/7/13,13.14,,,,,,,,
26/7/13,13.42,,,,,,,,
29/7/13,13.79,,,,,,,,
30/7/13,14.05,,,,,,,,
31/7/13,14.72,,,,,,,,
1/8/13,14.89,,,,,,,,
2/8/13,14.65,,,,,,,,
5/8/13,14.1,,,,,,,,
6/8/13,13.45,,,,,,,,
7/8/13,15.83,,,,,,,,
8/8/13,14.58,,,,,,,,
9/8/13,13.59,,,,,,,,
12/8/13,13.52,,,,,,,,
13/8/13,13.02,,,,,,,,
14/8/13,12.83,,,,,,,,
15/8/13,13.17,,,,,,,,
16/8/13,14,,,,,,,,
19/8/13,13.7,,,,,,,,
20/8/13,15.18,,,,,,,,
21/8/13,14.77,,,,,,,,
22/8/13,14.87,,,,,,,,
23/8/13,13.91,,,,,,,,
26/8/13,13.95,,,,,,,,
27/8/13,13.83,,,,,,,,
28/8/13,15.35,,,,,,,,
29/8/13,15.2,,,,,,,,
30/8/13,14.71,,,,,,,,
2/9/13,14.97,,,,,,,,
3/9/13,14.97,,,,,,,,
4/9/13,15.63,,,,,,,,
5/9/13,16.33,,,,,,,,
6/9/13,16.15,,,,,,,,
9/9/13,15.58,,,,,,,,
10/9/13,14.67,,,,,,,,
11/9/13,14.13,,,,,,,,
12/9/13,13.69,,,,,,,,
13/9/13,14.51,,,,,,,,
16/9/13,14.33,,,,,,,,
17/9/13,13.84,,,,,,,,
18/9/13,14.14,,,,,,,,
19/9/13,12.75,,,,,,,,
20/9/13,12.91,,,,,,,,
23/9/13,13.4,,,,,,,,
24/9/13,13.52,,,,,,,,
25/9/13,13.41,,,,,,,,
26/9/13,12.78,,,,,,,,
27/9/13,12.23,,,,,,,,
30/9/13,15.08,,,,,,,,
1/10/13,15.17,,,,,,,,
2/10/13,14.79,,,,,,,,
3/10/13,14.6,,,,,,,,
4/10/13,14.99,,,,,,,,
7/10/13,16.29,,,,,,,,
8/10/13,16.33,,,,,,,,
9/10/13,16.33,,,,,,,,
10/10/13,16.18,,,,,,,,
11/10/13,14.34,,,,,,,,
14/10/13,15.66,,,,,,,,
15/10/13,14.69,,,,,,,,
16/10/13,14.92,,,,,,,,
17/10/13,13.25,,,,,,,,
18/10/13,12.35,,,,,,,,
21/10/13,12.29,,,,,,,,
22/10/13,12.3,,,,,,,,
23/10/13,12.47,,,,,,,,
24/10/13,11.93,,,,,,,,
25/10/13,11.78,,,,,,,,
28/10/13,12.26,,,,,,,,
29/10/13,12.36,,,,,,,,
30/10/13,12.24,,,,,,,,
31/10/13,12.19,,,,,,,,
1/11/13,12.18,,,,,,,,
4/11/13,12.47,,,,,,,,
5/11/13,12.32,,,,,,,,
6/11/13,12.39,,,,,,,,
7/11/13,12.22,,,,,,,,
8/11/13,12.5,,,,,,,,
11/11/13,13.52,,,,,,,,
12/11/13,13.18,,,,,,,,
13/11/13,14.72,,,,,,,,
14/11/13,14.06,,,,,,,,
15/11/13,13.4,,,,,,,,
18/11/13,13.49,,,,,,,,
19/11/13,13.44,,,,,,,,
20/11/13,14.23,,,,,,,,
21/11/13,14.35,,,,,,,,
22/11/13,13.46,,,,,,,,
25/11/13,12.92,,,,,,,,
26/11/13,12.69,,,,,,,,
27/11/13,12.79,,,,,,,,
28/11/13,12.84,,,,,,,,
29/11/13,12.82,,,,,,,,
2/12/13,13.57,,,,,,,,
3/12/13,13.69,,,,,,,,
4/12/13,13.23,,,,,,,,
5/12/13,14.89,,,,,,,,
6/12/13,15.34,,,,,,,,
9/12/13,15.91,,,,,,,,
10/12/13,15.49,,,,,,,,
11/12/13,16.12,,,,,,,,
12/12/13,18.22,,,,,,,,
13/12/13,16,,,,,,,,
16/12/13,15.41,,,,,,,,
17/12/13,14.89,,,,,,,,
18/12/13,14.22,,,,,,,,
19/12/13,12.17,,,,,,,,
20/12/13,10.78,,,,,,,,
23/12/13,11.16,,,,,,,,
24/12/13,10.69,,,,,,,,
27/12/13,11.4,,,,,,,,
30/12/13,11.56,,,,,,,,
31/12/13,11.56,,,,,,,,
2/1/14,11.86,,,,,,,,
3/1/14,12.16,,,,,,,,
6/1/14,12.86,,,,,,,,
7/1/14,12.78,,,,,,,,
8/1/14,12.58,,,,,,,,
9/1/14,12.16,,,,,,,,
10/1/14,11.14,,,,,,,,
13/1/14,12.01,,,,,,,,
14/1/14,13.64,,,,,,,,
15/1/14,12.36,,,,,,,,
16/1/14,11.65,,,,,,,,
17/1/14,11.39,,,,,,,,
20/1/14,12.03,,,,,,,,
21/1/14,11.61,,,,,,,,
22/1/14,11.91,,,,,,,,
23/1/14,13.05,,,,,,,,
24/1/14,13.27,,,,,,,,
28/1/14,15.86,,,,,,,,
29/1/14,14.46,,,,,,,,
30/1/14,15.66,,,,,,,,
31/1/14,15.58,,,,,,,,
3/2/14,16.14,,,,,,,,
4/2/14,18.37,,,,,,,,
5/2/14,18.36,,,,,,,,
6/2/14,16.54,,,,,,,,
7/2/14,15.27,,,,,,,,
10/2/14,14.74,,,,,,,,
11/2/14,14.44,,,,,,,,
12/2/14,13.64,,,,,,,,
13/2/14,13.48,,,,,,,,
14/2/14,12.67,,,,,,,,
17/2/14,12.93,,,,,,,,
18/2/14,12.8,,,,,,,,
19/2/14,12.6,,,,,,,,
20/2/14,13.32,,,,,,,,
21/2/14,12.5,,,,,,,,
24/2/14,13.23,,,,,,,,
25/2/14,12.96,,,,,,,,
26/2/14,12.88,,,,,,,,
27/2/14,13.32,,,,,,,,
28/2/14,13.11,,,,,,,,
3/3/14,14.22,,,,,,,,
4/3/14,14.08,,,,,,,,
5/3/14,12.78,,,,,,,,
6/3/14,12.76,,,,,,,,
7/3/14,12.2,,,,,,,,
10/3/14,13.85,,,,,,,,
11/3/14,13.1,,,,,,,,
12/3/14,13.8,,,,,,,,
13/3/14,13.19,,,,,,,,
14/3/14,14.76,,,,,,,,
17/3/14,15.35,,,,,,,,
18/3/14,13.78,,,,,,,,
19/3/14,13.03,,,,,,,,
20/3/14,14.22,,,,,,,,
21/3/14,12.6,,,,,,,,
24/3/14,12.74,,,,,,,,
25/3/14,12.68,,,,,,,,
26/3/14,12.18,,,,,,,,
27/3/14,12.48,,,,,,,,
28/3/14,12.12,,,,,,,,
31/3/14,12.2,,,,,,,,
1/4/14,12.42,,,,,,,,
2/4/14,12.19,,,,,,,,
3/4/14,11.68,,,,,,,,
4/4/14,11.23,,,,,,,,
7/4/14,11.46,,,,,,,,
8/4/14,11.43,,,,,,,,
9/4/14,11.14,,,,,,,,
10/4/14,11.44,,,,,,,,
11/4/14,11.92,,,,,,,,
14/4/14,13.5,,,,,,,,
15/4/14,12.42,,,,,,,,
16/4/14,11.34,,,,,,,,
17/4/14,10.9,,,,,,,,
22/4/14,11.54,,,,,,,,
23/4/14,11.39,,,,,,,,
24/4/14,11.02,,,,,,,,
28/4/14,11.63,,,,,,,,
29/4/14,12.52,,,,,,,,
30/4/14,12.36,,,,,,,,
1/5/14,12.94,,,,,,,,
2/5/14,12.47,,,,,,,,
5/5/14,12.49,,,,,,,,
6/5/14,12.36,,,,,,,,
7/5/14,13.2,,,,,,,,
8/5/14,12.39,,,,,,,,
9/5/14,12.02,,,,,,,,
12/5/14,12.38,,,,,,,,
13/5/14,11.82,,,,,,,,
14/5/14,11.26,,,,,,,,
15/5/14,11.18,,,,,,,,
16/5/14,11.51,,,,,,,,
19/5/14,13.01,,,,,,,,
20/5/14,12.53,,,,,,,,
21/5/14,12.7,,,,,,,,
22/5/14,11.79,,,,,,,,
23/5/14,11.34,,,,,,,,
26/5/14,11.31,,,,,,,,
27/5/14,11.3,,,,,,,,
28/5/14,10.93,,,,,,,,
29/5/14,11.01,,,,,,,,
30/5/14,11.05,,,,,,,,
2/6/14,11.25,,,,,,,,
3/6/14,11.85,,,,,,,,
4/6/14,12.53,,,,,,,,
5/6/14,12.2,,,,,,,,
6/6/14,11.08,,,,,,,,
10/6/14,10.99,,,,,,,,
11/6/14,11.13,,,,,,,,
12/6/14,11.26,,,,,,,,
13/6/14,11.64,,,,,,,,
16/6/14,11.52,,,,,,,,
17/6/14,11.61,,,,,,,,
18/6/14,11.44,,,,,,,,
19/6/14,10.23,,,,,,,,
20/6/14,10.41,,,,,,,,
23/6/14,10.46,,,,,,,,
24/6/14,10.42,,,,,,,,
25/6/14,11.02,,,,,,,,
26/6/14,10.29,,,,,,,,
27/6/14,10.72,,,,,,,,
30/6/14,11.8,,,,,,,,
1/7/14,12.22,,,,,,,,
2/7/14,11.14,,,,,,,,
3/7/14,10.77,,,,,,,,
4/7/14,10.49,,,,,,,,
7/7/14,10.7,,,,,,,,
8/7/14,10.51,,,,,,,,
9/7/14,11.37,,,,,,,,
10/7/14,10.75,,,,,,,,
11/7/14,9.61,,,,,,,,
14/7/14,9.8,,,,,,,,
15/7/14,9.66,,,,,,,,
16/7/14,9.31,,,,,,,,
17/7/14,9.63,,,,,,,,
18/7/14,10.24,,,,,,,,
21/7/14,9.93,,,,,,,,
22/7/14,9.52,,,,,,,,
23/7/14,9.95,,,,,,,,
24/7/14,9.82,,,,,,,,
25/7/14,10.08,,,,,,,,
28/7/14,10.64,,,,,,,,
29/7/14,10.64,,,,,,,,
30/7/14,10.75,,,,,,,,
31/7/14,10.95,,,,,,,,
1/8/14,12.38,,,,,,,,
4/8/14,12.51,,,,,,,,
5/8/14,12.33,,,,,,,,
6/8/14,12.48,,,,,,,,
7/8/14,12.45,,,,,,,,
8/8/14,15.12,,,,,,,,
11/8/14,14.61,,,,,,,,
12/8/14,13.23,,,,,,,,
13/8/14,13.1,,,,,,,,
14/8/14,12.52,,,,,,,,
15/8/14,11.69,,,,,,,,
18/8/14,11.67,,,,,,,,
19/8/14,11.71,,,,,,,,
20/8/14,11.09,,,,,,,,
21/8/14,11.47,,,,,,,,
22/8/14,11.44,,,,,,,,
25/8/14,11.54,,,,,,,,
26/8/14,11.3,,,,,,,,
27/8/14,11.31,,,,,,,,
28/8/14,11.12,,,,,,,,
29/8/14,10.83,,,,,,,,
1/9/14,11.02,,,,,,,,
2/9/14,10.76,,,,,,,,
3/9/14,11.19,,,,,,,,
4/9/14,11.39,,,,,,,,
5/9/14,12.01,,,,,,,,
8/9/14,12.17,,,,,,,,
9/9/14,11.35,,,,,,,,
10/9/14,11.72,,,,,,,,
11/9/14,12.02,,,,,,,,
12/9/14,12.34,,,,,,,,
15/9/14,13.57,,,,,,,,
16/9/14,14.43,,,,,,,,
17/9/14,15.47,,,,,,,,
18/9/14,14.62,,,,,,,,
19/9/14,13.15,,,,,,,,
22/9/14,15.06,,,,,,,,
23/9/14,14.4,,,,,,,,
24/9/14,14.86,,,,,,,,
25/9/14,14.01,,,,,,,,
26/9/14,15.55,,,,,,,,
29/9/14,15.83,,,,,,,,
30/9/14,15.15,,,,,,,,
1/10/14,14.75,,,,,,,,
2/10/14,15.37,,,,,,,,
3/10/14,14.71,,,,,,,,
6/10/14,15.18,,,,,,,,
7/10/14,15.52,,,,,,,,
8/10/14,16.3,,,,,,,,
9/10/14,14.63,,,,,,,,
10/10/14,17.19,,,,,,,,
13/10/14,19.16,,,,,,,,
14/10/14,18.06,,,,,,,,
15/10/14,16.34,,,,,,,,
16/10/14,18.54,,,,,,,,
17/10/14,18.01,,,,,,,,
20/10/14,16.57,,,,,,,,
21/10/14,15.76,,,,,,,,
22/10/14,14.27,,,,,,,,
23/10/14,14.39,,,,,,,,
24/10/14,13.8,,,,,,,,
27/10/14,13.5,,,,,,,,
28/10/14,13.46,,,,,,,,
29/10/14,13.73,,,,,,,,
30/10/14,13,,,,,,,,
31/10/14,12.54,,,,,,,,
3/11/14,13.28,,,,,,,,
4/11/14,12.71,,,,,,,,
5/11/14,12.76,,,,,,,,
6/11/14,13.04,,,,,,,,
7/11/14,11.57,,,,,,,,
10/11/14,11.83,,,,,,,,
11/11/14,11.8,,,,,,,,
12/11/14,13.2,,,,,,,,
13/11/14,13.43,,,,,,,,
14/11/14,12.8,,,,,,,,
17/11/14,13.66,,,,,,,,
18/11/14,13.46,,,,,,,,
19/11/14,13.74,,,,,,,,
20/11/14,16.77,,,,,,,,
21/11/14,14.78,,,,,,,,
24/11/14,13.52,,,,,,,,
25/11/14,14.01,,,,,,,,
26/11/14,12.62,,,,,,,,
27/11/14,12.51,,,,,,,,
28/11/14,14.62,,,,,,,,
1/12/14,17.67,,,,,,,,
2/12/14,15.51,,,,,,,,
3/12/14,14.13,,,,,,,,
4/12/14,13.13,,,,,,,,
5/12/14,14.95,,,,,,,,
8/12/14,12.94,,,,,,,,
9/12/14,14.84,,,,,,,,
10/12/14,15.23,,,,,,,,
11/12/14,16.83,,,,,,,,
12/12/14,16.42,,,,,,,,
15/12/14,17.89,,,,,,,,
16/12/14,16.77,,,,,,,,
17/12/14,16.52,,,,,,,,
18/12/14,16.5,,,,,,,,
19/12/14,13.36,,,,,,,,
22/12/14,13.4,,,,,,,,
23/12/14,14.02,,,,,,,,
24/12/14,13.16,,,,,,,,
29/12/14,13.62,,,,,,,,
30/12/14,14.53,,,,,,,,
31/12/14,14.58,,,,,,,,
2/1/15,14.3,,,,,,,,
5/1/15,14.47,,,,,,,,
6/1/15,16.28,,,,,,,,
7/1/15,15.81,,,,,,,,
8/1/15,15.42,,,,,,,,
9/1/15,13.88,,,,,,,,
12/1/15,15.05,,,,,,,,
13/1/15,15.24,,,,,,,,
14/1/15,15.94,,,,,,,,
15/1/15,15.92,,,,,,,,
16/1/15,16.4,,,,,,,,
19/1/15,16.72,,,,,,,,
20/1/15,16.5,,,,,,,,
21/1/15,15.53,,,,,,,,
22/1/15,15.46,,,,,,,,
23/1/15,14.08,,,,,,,,
27/1/15,14.32,,,,,,,,
28/1/15,14.47,,,,,,,,
29/1/15,14.45,,,,,,,,
30/1/15,14.33,,,,,,,,
2/2/15,14.87,,,,,,,,
3/2/15,14.39,,,,,,,,
4/2/15,15.4,,,,,,,,
5/2/15,15.04,,,,,,,,
6/2/15,16.06,,,,,,,,
9/2/15,16.46,,,,,,,,
10/2/15,16.14,,,,,,,,
11/2/15,16.45,,,,,,,,
12/2/15,16.69,,,,,,,,
13/2/15,16.59,,,,,,,,
16/2/15,16.16,,,,,,,,
17/2/15,16.04,,,,,,,,
18/2/15,15.21,,,,,,,,
19/2/15,15.24,,,,,,,,
20/2/15,15.06,,,,,,,,
23/2/15,15.07,,,,,,,,
24/2/15,13.95,,,,,,,,
25/2/15,13.46,,,,,,,,
26/2/15,13.72,,,,,,,,
27/2/15,13.61,,,,,,,,
2/3/15,14,,,,,,,,
3/3/15,13.83,,,,,,,,
4/3/15,13.94,,,,,,,,
5/3/15,13.44,,,,,,,,
6/3/15,13.65,,,,,,,,
9/3/15,15.06,,,,,,,,
10/3/15,14.89,,,,,,,,
11/3/15,14.99,,,,,,,,
12/3/15,14,,,,,,,,
13/3/15,14.81,,,,,,,,
16/3/15,14.65,,,,,,,,
17/3/15,14.68,,,,,,,,
18/3/15,14.16,,,,,,,,
19/3/15,13.24,,,,,,,,
20/3/15,12.4,,,,,,,,
23/3/15,12.88,,,,,,,,
24/3/15,12.55,,,,,,,,
25/3/15,12.73,,,,,,,,
26/3/15,14.14,,,,,,,,
27/3/15,13.73,,,,,,,,
30/3/15,14.97,,,,,,,,
31/3/15,14.27,,,,,,,,
1/4/15,14.83,,,,,,,,
2/4/15,14.36,,,,,,,,
7/4/15,14.44,,,,,,,,
8/4/15,13.99,,,,,,,,
9/4/15,14.21,,,,,,,,
10/4/15,12.61,,,,,,,,
13/4/15,13.41,,,,,,,,
14/4/15,13.71,,,,,,,,
15/4/15,13.49,,,,,,,,
16/4/15,13.53,,,,,,,,
17/4/15,14.8,,,,,,,,
20/4/15,16.17,,,,,,,,
21/4/15,15.36,,,,,,,,
22/4/15,15.5,,,,,,,,
23/4/15,15.47,,,,,,,,
24/4/15,14.6,,,,,,,,
27/4/15,14.41,,,,,,,,
28/4/15,14.55,,,,,,,,
29/4/15,16.16,,,,,,,,
30/4/15,18.08,,,,,,,,
1/5/15,16.98,,,,,,,,
4/5/15,17.28,,,,,,,,
5/5/15,16.82,,,,,,,,
6/5/15,19.28,,,,,,,,
7/5/15,19.69,,,,,,,,
8/5/15,19.21,,,,,,,,
11/5/15,19.46,,,,,,,,
12/5/15,17.91,,,,,,,,
13/5/15,16.46,,,,,,,,
14/5/15,16.72,,,,,,,,
15/5/15,16.42,,,,,,,,
18/5/15,18.59,,,,,,,,
19/5/15,18.07,,,,,,,,
20/5/15,17.41,,,,,,,,
21/5/15,16.25,,,,,,,,
22/5/15,15.56,,,,,,,,
25/5/15,15.37,,,,,,,,
26/5/15,15.11,,,,,,,,
27/5/15,15.52,,,,,,,,
28/5/15,15.32,,,,,,,,
29/5/15,15.31,,,,,,,,
1/6/15,16.1,,,,,,,,
2/6/15,17.09,,,,,,,,
3/6/15,17.2,,,,,,,,
4/6/15,18.58,,,,,,,,
5/6/15,18.38,,,,,,,,
9/6/15,18.65,,,,,,,,
10/6/15,18.16,,,,,,,,
11/6/15,17.04,,,,,,,,
12/6/15,17.43,,,,,,,,
15/6/15,17.45,,,,,,,,
16/6/15,17.25,,,,,,,,
17/6/15,16.86,,,,,,,,
18/6/15,17.19,,,,,,,,
19/6/15,16.52,,,,,,,,
22/6/15,16.41,,,,,,,,
23/6/15,15.62,,,,,,,,
24/6/15,15.17,,,,,,,,
25/6/15,15.88,,,,,,,,
26/6/15,17.32,,,,,,,,
29/6/15,20.24,,,,,,,,
30/6/15,19.9,,,,,,,,
1/7/15,18.5,,,,,,,,
2/7/15,17.45,,,,,,,,
3/7/15,19.24,,,,,,,,
6/7/15,20,,,,,,,,
7/7/15,17.8,,,,,,,,
8/7/15,19.83,,,,,,,,
9/7/15,19.76,,,,,,,,
10/7/15,21.26,,,,,,,,
13/7/15,21.07,,,,,,,,
14/7/15,18.43,,,,,,,,
15/7/15,16.81,,,,,,,,
16/7/15,15.5,,,,,,,,
17/7/15,14.45,,,,,,,,
20/7/15,14.41,,,,,,,,
21/7/15,13.74,,,,,,,,
22/7/15,15.09,,,,,,,,
23/7/15,15.92,,,,,,,,
24/7/15,15.95,,,,,,,,
27/7/15,15.83,,,,,,,,
28/7/15,16.34,,,,,,,,
29/7/15,15.67,,,,,,,,
30/7/15,15.11,,,,,,,,
31/7/15,14.55,,,,,,,,
3/8/15,15.27,,,,,,,,
4/8/15,15.11,,,,,,,,
5/8/15,15.44,,,,,,,,
6/8/15,16.45,,,,,,,,
7/8/15,17.97,,,,,,,,
10/8/15,17.41,,,,,,,,
11/8/15,18.22,,,,,,,,
12/8/15,19.52,,,,,,,,
13/8/15,19.19,,,,,,,,
14/8/15,19.81,,,,,,,,
17/8/15,19.3,,,,,,,,
18/8/15,19.33,,,,,,,,
19/8/15,18.06,,,,,,,,
20/8/15,19.68,,,,,,,,
21/8/15,20.96,,,,,,,,
24/8/15,21.14,,,,,,,,
25/8/15,31.19,,,,,,,,
26/8/15,27.31,,,,,,,,
27/8/15,23.67,,,,,,,,
28/8/15,23.35,,,,,,,,
31/8/15,26.08,,,,,,,,
1/9/15,30.24,,,,,,,,
2/9/15,29.26,,,,,,,,
3/9/15,29.49,,,,,,,,
4/9/15,28.94,,,,,,,,
7/9/15,28.27,,,,,,,,
8/9/15,25.85,,,,,,,,
9/9/15,22.98,,,,,,,,
10/9/15,26.33,,,,,,,,
11/9/15,25.78,,,,,,,,
14/9/15,25.84,,,,,,,,
15/9/15,27.53,,,,,,,,
16/9/15,24.53,,,,,,,,
17/9/15,24.86,,,,,,,,
18/9/15,23.32,,,,,,,,
21/9/15,26.49,,,,,,,,
22/9/15,24.3,,,,,,,,
23/9/15,26.6,,,,,,,,
24/9/15,25.7,,,,,,,,
25/9/15,25,,,,,,,,
28/9/15,24.35,,,,,,,,
29/9/15,28.43,,,,,,,,
30/9/15,26.3,,,,,,,,
1/10/15,25.55,,,,,,,,
2/10/15,24.9,,,,,,,,
5/10/15,24.39,,,,,,,,
6/10/15,23.55,,,,,,,,
7/10/15,22.38,,,,,,,,
8/10/15,21.89,,,,,,,,
9/10/15,20.53,,,,,,,,
12/10/15,21.19,,,,,,,,
13/10/15,20.87,,,,,,,,
14/10/15,20.25,,,,,,,,
15/10/15,18.46,,,,,,,,
16/10/15,18.73,,,,,,,,
19/10/15,18.3,,,,,,,,
20/10/15,18.47,,,,,,,,
21/10/15,18.27,,,,,,,,
22/10/15,17.74,,,,,,,,
23/10/15,16.84,,,,,,,,
26/10/15,17.39,,,,,,,,
27/10/15,17.42,,,,,,,,
28/10/15,17.97,,,,,,,,
29/10/15,19.52,,,,,,,,
30/10/15,19.19,,,,,,,,
2/11/15,21.09,,,,,,,,
3/11/15,19.76,,,,,,,,
4/11/15,18.98,,,,,,,,
5/11/15,19.44,,,,,,,,
6/11/15,18.9,,,,,,,,
9/11/15,20.68,,,,,,,,
10/11/15,20.32,,,,,,,,
11/11/15,19.39,,,,,,,,
12/11/15,19.39,,,,,,,,
13/11/15,21.18,,,,,,,,
16/11/15,22.35,,,,,,,,
17/11/15,20.13,,,,,,,,
18/11/15,19.25,,,,,,,,
19/11/15,18.47,,,,,,,,
20/11/15,17.93,,,,,,,,
23/11/15,17.58,,,,,,,,
24/11/15,17.62,,,,,,,,
25/11/15,17.84,,,,,,,,
26/11/15,17.03,,,,,,,,
27/11/15,16.9,,,,,,,,
30/11/15,17.31,,,,,,,,
1/12/15,16.83,,,,,,,,
2/12/15,16.83,,,,,,,,
3/12/15,17.63,,,,,,,,
4/12/15,18.33,,,,,,,,
7/12/15,18.28,,,,,,,,
8/12/15,18.9,,,,,,,,
9/12/15,18.7,,,,,,,,
10/12/15,19.39,,,,,,,,
11/12/15,18.79,,,,,,,,
14/12/15,22.06,,,,,,,,
15/12/15,22.2,,,,,,,,
16/12/15,19.99,,,,,,,,
17/12/15,17.6,,,,,,,,
18/12/15,18.25,,,,,,,,
21/12/15,17.87,,,,,,,,
22/12/15,16.8,,,,,,,,
23/12/15,15.99,,,,,,,,
24/12/15,15.44,,,,,,,,
29/12/15,16.33,,,,,,,,
30/12/15,16.1,,,,,,,,
31/12/15,16.31,,,,,,,,
4/1/16,17.5,,,,,,,,
5/1/16,18.94,,,,,,,,
6/1/16,19.2,,,,,,,,
7/1/16,21.84,,,,,,,,
8/1/16,22.2,,,,,,,,
11/1/16,24.03,,,,,,,,
12/1/16,23.97,,,,,,,,
13/1/16,21.79,,,,,,,,
14/1/16,23.72,,,,,,,,
15/1/16,23.5,,,,,,,,
18/1/16,24.06,,,,,,,,
19/1/16,23.73,,,,,,,,
20/1/16,24.2,,,,,,,,
21/1/16,24.06,,,,,,,,
22/1/16,22.19,,,,,,,,
25/1/16,20.76,,,,,,,,
27/1/16,21.91,,,,,,,,
28/1/16,21.15,,,,,,,,
29/1/16,20.68,,,,,,,,
1/2/16,20.01,,,,,,,,
2/2/16,20.51,,,,,,,,
3/2/16,24.24,,,,,,,,
4/2/16,22.53,,,,,,,,
5/2/16,21.93,,,,,,,,
8/2/16,21.93,,,,,,,,
9/2/16,26.71,,,,,,,,
10/2/16,28.1,,,,,,,,
11/2/16,26.42,,,,,,,,
12/2/16,30.29,,,,,,,,
15/2/16,25.87,,,,,,,,
16/2/16,24.33,,,,,,,,
17/2/16,25.1,,,,,,,,
18/2/16,22.75,,,,,,,,
19/2/16,22,,,,,,,,
22/2/16,21.49,,,,,,,,
23/2/16,21.81,,,,,,,,
24/2/16,23.67,,,,,,,,
25/2/16,23.01,,,,,,,,
26/2/16,21.94,,,,,,,,
29/2/16,22.18,,,,,,,,
1/3/16,21.29,,,,,,,,
2/3/16,20.03,,,,,,,,
3/3/16,19,,,,,,,,
4/3/16,18.06,,,,,,,,
7/3/16,17.74,,,,,,,,
8/3/16,18.74,,,,,,,,
9/3/16,17.8,,,,,,,,
10/3/16,18.15,,,,,,,,
11/3/16,17.21,,,,,,,,
14/3/16,16.83,,,,,,,,
15/3/16,17.72,,,,,,,,
16/3/16,16.6,,,,,,,,
17/3/16,15.32,,,,,,,,
18/3/16,14.62,,,,,,,,
21/3/16,14.62,,,,,,,,
22/3/16,13.96,,,,,,,,
23/3/16,14.75,,,,,,,,
24/3/16,15.37,,,,,,,,
29/3/16,17.84,,,,,,,,
30/3/16,17.02,,,,,,,,
31/3/16,16.33,,,,,,,,
1/4/16,17.61,,,,,,,,
4/4/16,17.5,,,,,,,,
5/4/16,18.61,,,,,,,,
6/4/16,18.71,,,,,,,,
7/4/16,17.68,,,,,,,,
8/4/16,18.26,,,,,,,,
11/4/16,18.66,,,,,,,,
12/4/16,18,,,,,,,,
13/4/16,17.16,,,,,,,,
14/4/16,16.68,,,,,,,,
15/4/16,15.6,,,,,,,,
18/4/16,16.95,,,,,,,,
19/4/16,15.84,,,,,,,,
20/4/16,15.58,,,,,,,,
21/4/16,15.98,,,,,,,,
22/4/16,16.53,,,,,,,,
26/4/16,17.95,,,,,,,,
27/4/16,18.95,,,,,,,,
28/4/16,17.89,,,,,,,,
29/4/16,17.75,,,,,,,,
2/5/16,18.06,,,,,,,,
3/5/16,17.1,,,,,,,,
4/5/16,18.58,,,,,,,,
5/5/16,18.36,,,,,,,,
6/5/16,18.24,,,,,,,,
9/5/16,17.75,,,,,,,,
10/5/16,18.06,,,,,,,,
11/5/16,18.24,,,,,,,,
12/5/16,17.77,,,,,,,,
13/5/16,17.98,,,,,,,,
16/5/16,18.08,,,,,,,,
17/5/16,17.52,,,,,,,,
18/5/16,17.77,,,,,,,,
19/5/16,17.99,,,,,,,,
20/5/16,17.26,,,,,,,,
23/5/16,17.77,,,,,,,,
24/5/16,17.91,,,,,,,,
25/5/16,16.86,,,,,,,,
26/5/16,16.78,,,,,,,,
27/5/16,16.08,,,,,,,,
30/5/16,16.26,,,,,,,,
31/5/16,16.52,,,,,,,,
1/6/16,17.37,,,,,,,,
2/6/16,18.07,,,,,,,,
3/6/16,17.09,,,,,,,,
6/6/16,17.19,,,,,,,,
7/6/16,16.66,,,,,,,,
8/6/16,16.46,,,,,,,,
9/6/16,16.38,,,,,,,,
10/6/16,16.28,,,,,,,,
14/6/16,19.94,,,,,,,,
15/6/16,20.5,,,,,,,,
16/6/16,20.3,,,,,,,,
17/6/16,19.66,,,,,,,,
20/6/16,20.06,,,,,,,,
21/6/16,19.92,,,,,,,,
22/6/16,21.16,,,,,,,,
23/6/16,21.67,,,,,,,,
24/6/16,23.73,,,,,,,,
27/6/16,22.83,,,,,,,,
28/6/16,22.15,,,,,,,,
29/6/16,20.46,,,,,,,,
30/6/16,19.38,,,,,,,,
1/7/16,18.92,,,,,,,,
4/7/16,18.52,,,,,,,,
5/7/16,18.91,,,,,,,,
6/7/16,19.28,,,,,,,,
7/7/16,18.53,,,,,,,,
8/7/16,18.07,,,,,,,,
11/7/16,17.4,,,,,,,,
12/7/16,16.84,,,,,,,,
13/7/16,16.67,,,,,,,,
14/7/16,15.92,,,,,,,,
15/7/16,15.13,,,,,,,,
18/7/16,15.38,,,,,,,,
19/7/16,14.84,,,,,,,,
20/7/16,14.31,,,,,,,,
21/7/16,14.53,,,,,,,,
22/7/16,15.2,,,,,,,,
25/7/16,15.33,,,,,,,,
26/7/16,15.08,,,,,,,,
27/7/16,14.76,,,,,,,,
28/7/16,14.24,,,,,,,,
29/7/16,14.2,,,,,,,,
1/8/16,14.34,,,,,,,,
2/8/16,14.89,,,,,,,,
3/8/16,16.24,,,,,,,,
4/8/16,15.54,,,,,,,,
5/8/16,14.31,,,,,,,,
8/8/16,13.84,,,,,,,,
9/8/16,12.84,,,,,,,,
10/8/16,12.71,,,,,,,,
11/8/16,12.95,,,,,,,,
12/8/16,12.41,,,,,,,,
15/8/16,12.68,,,,,,,,
16/8/16,12.37,,,,,,,,
17/8/16,11.91,,,,,,,,
18/8/16,11.91,,,,,,,,
19/8/16,11.6,,,,,,,,
22/8/16,12.45,,,,,,,,
23/8/16,12.82,,,,,,,,
24/8/16,12.39,,,,,,,,
25/8/16,12.57,,,,,,,,
26/8/16,13.07,,,,,,,,
29/8/16,13.14,,,,,,,,
30/8/16,13.05,,,,,,,,
31/8/16,13.68,,,,,,,,
1/9/16,13.22,,,,,,,,
2/9/16,14.17,,,,,,,,
5/9/16,13.42,,,,,,,,
6/9/16,13.21,,,,,,,,
7/9/16,12.83,,,,,,,,
8/9/16,13.49,,,,,,,,
9/9/16,15.2,,,,,,,,
12/9/16,18.48,,,,,,,,
13/9/16,18.39,,,,,,,,
14/9/16,16.91,,,,,,,,
15/9/16,16.16,,,,,,,,
16/9/16,15.03,,,,,,,,
19/9/16,11.87,,,,,,,,
20/9/16,14.88,,,,,,,,
21/9/16,15.27,,,,,,,,
22/9/16,13.61,,,,,,,,
23/9/16,12.54,,,,,,,,
26/9/16,13.36,,,,,,,,
27/9/16,13.42,,,,,,,,
28/9/16,13.93,,,,,,,,
29/9/16,13.63,,,,,,,,
30/9/16,13.48,,,,,,,,
3/10/16,14.64,,,,,,,,
4/10/16,13.62,,,,,,,,
5/10/16,14.53,,,,,,,,
6/10/16,13.77,,,,,,,,
7/10/16,14.11,,,,,,,,
10/10/16,13.91,,,,,,,,
11/10/16,13.54,,,,,,,,
12/10/16,14.08,,,,,,,,
13/10/16,14.92,,,,,,,,
14/10/16,14.13,,,,,,,,
17/10/16,14.6,,,,,,,,
18/10/16,14,,,,,,,,
19/10/16,13.27,,,,,,,,
20/10/16,12.92,,,,,,,,
21/10/16,12.81,,,,,,,,
24/10/16,13.54,,,,,,,,
25/10/16,13.08,,,,,,,,
26/10/16,14.69,,,,,,,,
27/10/16,15.44,,,,,,,,
28/10/16,14.83,,,,,,,,
31/10/16,15.79,,,,,,,,
1/11/16,16.26,,,,,,,,
2/11/16,18.36,,,,,,,,
3/11/16,18.92,,,,,,,,
4/11/16,20.71,,,,,,,,
7/11/16,18.53,,,,,,,,
8/11/16,18.34,,,,,,,,
9/11/16,21.03,,,,,,,,
10/11/16,15.68,,,,,,,,
11/11/16,15.59,,,,,,,,
14/11/16,15.58,,,,,,,,
15/11/16,15.07,,,,,,,,
16/11/16,14.28,,,,,,,,
17/11/16,13.44,,,,,,,,
18/11/16,13.1,,,,,,,,
21/11/16,12.98,,,,,,,,
22/11/16,12.4,,,,,,,,
23/11/16,12.25,,,,,,,,
24/11/16,12.13,,,,,,,,
25/11/16,11.91,,,,,,,,
28/11/16,12.35,,,,,,,,
29/11/16,12.76,,,,,,,,
30/11/16,12.54,,,,,,,,
1/12/16,12.35,,,,,,,,
2/12/16,12.55,,,,,,,,
5/12/16,13.36,,,,,,,,
6/12/16,12.39,,,,,,,,
7/12/16,11.79,,,,,,,,
8/12/16,12.3,,,,,,,,
9/12/16,12.53,,,,,,,,
12/12/16,12.81,,,,,,,,
13/12/16,12.24,,,,,,,,
14/12/16,12.58,,,,,,,,
15/12/16,12,,,,,,,,
16/12/16,11.3,,,,,,,,
19/12/16,11.25,,,,,,,,
20/12/16,11.01,,,,,,,,
21/12/16,10.53,,,,,,,,
22/12/16,10.22,,,,,,,,
23/12/16,10.54,,,,,,,,
28/12/16,12.17,,,,,,,,
29/12/16,12.16,,,,,,,,
30/12/16,12.76,,,,,,,,
3/1/17,13.01,,,,,,,,
4/1/17,12.88,,,,,,,,
5/1/17,12.73,,,,,,,,
6/1/17,12.5,,,,,,,,
9/1/17,12.63,,,,,,,,
10/1/17,13.06,,,,,,,,
11/1/17,13.09,,,,,,,,
12/1/17,13.19,,,,,,,,
13/1/17,12.66,,,,,,,,
16/1/17,12.79,,,,,,,,
17/1/17,13.76,,,,,,,,
18/1/17,13.31,,,,,,,,
19/1/17,13.25,,,,,,,,
20/1/17,13.38,,,,,,,,
23/1/17,13.94,,,,,,,,
24/1/17,13.56,,,,,,,,
25/1/17,12.92,,,,,,,,
27/1/17,12.41,,,,,,,,
30/1/17,13.39,,,,,,,,
31/1/17,13.79,,,,,,,,
1/2/17,13.24,,,,,,,,
2/2/17,13.49,,,,,,,,
3/2/17,13.05,,,,,,,,
6/2/17,12.93,,,,,,,,
7/2/17,12.86,,,,,,,,
8/2/17,12.58,,,,,,,,
9/2/17,11.94,,,,,,,,
10/2/17,11.69,,,,,,,,
13/2/17,12.18,,,,,,,,
14/2/17,12.43,,,,,,,,
15/2/17,12,,,,,,,,
16/2/17,11.48,,,,,,,,
17/2/17,10.87,,,,,,,,
20/2/17,11.45,,,,,,,,
21/2/17,11.11,,,,,,,,
22/2/17,11.13,,,,,,,,
23/2/17,11.18,,,,,,,,
24/2/17,12.13,,,,,,,,
27/2/17,12.6,,,,,,,,
28/2/17,12.4,,,,,,,,
1/3/17,12.84,,,,,,,,
2/3/17,12.17,,,,,,,,
3/3/17,12.51,,,,,,,,
6/3/17,12.1,,,,,,,,
7/3/17,11.37,,,,,,,,
8/3/17,10.91,,,,,,,,
9/3/17,11.18,,,,,,,,
10/3/17,8.83,,,,,,,,
13/3/17,9.71,,,,,,,,
14/3/17,9.31,,,,,,,,
15/3/17,9.62,,,,,,,,
16/3/17,9.02,,,,,,,,
17/3/17,9.75,,,,,,,,
20/3/17,10.27,,,,,,,,
21/3/17,10.22,,,,,,,,
22/3/17,12.39,,,,,,,,
23/3/17,12.26,,,,,,,,
24/3/17,11.87,,,,,,,,
27/3/17,12.65,,,,,,,,
28/3/17,12.27,,,,,,,,
29/3/17,11.75,,,,,,,,
30/3/17,11.19,,,,,,,,
31/3/17,11.2,,,,,,,,
3/4/17,12.37,,,,,,,,
4/4/17,12.24,,,,,,,,
5/4/17,11.82,,,,,,,,
6/4/17,12.14,,,,,,,,
7/4/17,12.19,,,,,,,,
10/4/17,12.09,,,,,,,,
11/4/17,12.67,,,,,,,,
12/4/17,12.95,,,,,,,,
13/4/17,12.92,,,,,,,,
18/4/17,13.81,,,,,,,,
19/4/17,13.64,,,,,,,,
20/4/17,13.67,,,,,,,,
21/4/17,13.92,,,,,,,,
24/4/17,13.3,,,,,,,,
26/4/17,12.48,,,,,,,,
27/4/17,11.69,,,,,,,,
28/4/17,11.36,,,,,,,,
1/5/17,11.29,,,,,,,,
2/5/17,11.41,,,,,,,,
3/5/17,11.89,,,,,,,,
4/5/17,11.96,,,,,,,,
5/5/17,12.27,,,,,,,,
8/5/17,11.79,,,,,,,,
9/5/17,12.31,,,,,,,,
10/5/17,11.82,,,,,,,,
11/5/17,11.73,,,,,,,,
12/5/17,11.89,,,,,,,,
15/5/17,11.85,,,,,,,,
16/5/17,11.94,,,,,,,,
17/5/17,12.48,,,,,,,,
18/5/17,13.41,,,,,,,,
19/5/17,13.11,,,,,,,,
22/5/17,13.14,,,,,,,,
23/5/17,12.73,,,,,,,,
24/5/17,12.27,,,,,,,,
25/5/17,11.85,,,,,,,,
26/5/17,12.27,,,,,,,,
29/5/17,13.18,,,,,,,,
30/5/17,12.69,,,,,,,,
31/5/17,11.86,,,,,,,,
1/6/17,11.91,,,,,,,,
2/6/17,11.54,,,,,,,,
5/6/17,12.14,,,,,,,,
6/6/17,13.83,,,,,,,,
7/6/17,13.37,,,,,,,,
8/6/17,12.98,,,,,,,,
9/6/17,12.74,,,,,,,,
13/6/17,12.38,,,,,,,,
14/6/17,11.57,,,,,,,,
15/6/17,12.6,,,,,,,,
16/6/17,12.36,,,,,,,,
19/6/17,12.08,,,,,,,,
20/6/17,12.67,,,,,,,,
21/6/17,14.41,,,,,,,,
22/6/17,13.52,,,,,,,,
23/6/17,12.68,,,,,,,,
26/6/17,12.6,,,,,,,,
27/6/17,12.89,,,,,,,,
28/6/17,12.94,,,,,,,,
29/6/17,11.81,,,,,,,,
30/6/17,13.39,,,,,,,,
3/7/17,13.99,,,,,,,,
4/7/17,13.71,,,,,,,,
5/7/17,13.69,,,,,,,,
6/7/17,13.43,,,,,,,,
7/7/17,15.38,,,,,,,,
10/7/17,14.38,,,,,,,,
11/7/17,13.98,,,,,,,,
12/7/17,14.78,,,,,,,,
13/7/17,13.91,,,,,,,,
14/7/17,13.01,,,,,,,,
17/7/17,13.51,,,,,,,,
18/7/17,13.39,,,,,,,,
19/7/17,13.26,,,,,,,,
20/7/17,12.32,,,,,,,,
21/7/17,12.48,,,,,,,,
24/7/17,13.23,,,,,,,,
25/7/17,12.78,,,,,,,,
26/7/17,12.43,,,,,,,,
27/7/17,12.16,,,,,,,,
28/7/17,13.42,,,,,,,,
31/7/17,12.93,,,,,,,,
1/8/17,12.57,,,,,,,,
2/8/17,12.76,,,,,,,,
3/8/17,12.43,,,,,,,,
4/8/17,12.62,,,,,,,,
7/8/17,12.7,,,,,,,,
8/8/17,13.2,,,,,,,,
9/8/17,13.69,,,,,,,,
10/8/17,13.9,,,,,,,,
11/8/17,17.62,,,,,,,,
14/8/17,15.26,,,,,,,,
15/8/17,14.22,,,,,,,,
16/8/17,13.58,,,,,,,,
17/8/17,13.13,,,,,,,,
18/8/17,14.04,,,,,,,,
21/8/17,14.83,,,,,,,,
22/8/17,13.66,,,,,,,,
23/8/17,13.47,,,,,,,,
24/8/17,12.4,,,,,,,,
25/8/17,12.15,,,,,,,,
28/8/17,12.69,,,,,,,,
29/8/17,13.53,,,,,,,,
30/8/17,13.05,,,,,,,,
31/8/17,12.44,,,,,,,,
1/9/17,12.32,,,,,,,,
4/9/17,13.57,,,,,,,,
5/9/17,13.56,,,,,,,,
6/9/17,14.32,,,,,,,,
7/9/17,13.58,,,,,,,,
8/9/17,13.42,,,,,,,,
11/9/17,12.58,,,,,,,,
12/9/17,12.32,,,,,,,,
13/9/17,12.9,,,,,,,,
14/9/17,12.6,,,,,,,,
15/9/17,12.43,,,,,,,,
18/9/17,12.53,,,,,,,,
19/9/17,12.21,,,,,,,,
20/9/17,11.95,,,,,,,,
21/9/17,13.71,,,,,,,,
22/9/17,12.86,,,,,,,,
25/9/17,12.3,,,,,,,,
26/9/17,12.33,,,,,,,,
27/9/17,12.34,,,,,,,,
28/9/17,11.89,,,,,,,,
29/9/17,11.07,,,,,,,,
2/10/17,10.57,,,,,,,,
3/10/17,10.91,,,,,,,,
4/10/17,11.76,,,,,,,,
5/10/17,11.92,,,,,,,,
6/10/17,11.62,,,,,,,,
9/10/17,11.58,,,,,,,,
10/10/17,11.4,,,,,,,,
11/10/17,11.43,,,,,,,,
12/10/17,11.21,,,,,,,,
13/10/17,10.97,,,,,,,,
16/10/17,11.31,,,,,,,,
17/10/17,11.32,,,,,,,,
18/10/17,11.19,,,,,,,,
19/10/17,11.3,,,,,,,,
20/10/17,11.29,,,,,,,,
23/10/17,11.33,,,,,,,,
24/10/17,11.25,,,,,,,,
25/10/17,11.11,,,,,,,,
26/10/17,11.1,,,,,,,,
27/10/17,11.23,,,,,,,,
30/10/17,11.25,,,,,,,,
31/10/17,11.28,,,,,,,,
1/11/17,11.41,,,,,,,,
2/11/17,11.63,,,,,,,,
3/11/17,10.88,,,,,,,,
6/11/17,11.13,,,,,,,,
7/11/17,11.69,,,,,,,,
8/11/17,11.5,,,,,,,,
9/11/17,11.57,,,,,,,,
10/11/17,12.68,,,,,,,,
13/11/17,12.31,,,,,,,,
14/11/17,12.99,,,,,,,,
15/11/17,13.2,,,,,,,,
16/11/17,13.35,,,,,,,,
17/11/17,12.38,,,,,,,,
20/11/17,11.57,,,,,,,,
21/11/17,10.86,,,,,,,,
22/11/17,10.72,,,,,,,,
23/11/17,10.35,,,,,,,,
24/11/17,11.1,,,,,,,,
27/11/17,11.22,,,,,,,,
28/11/17,11.45,,,,,,,,
29/11/17,11.69,,,,,,,,
30/11/17,12.47,,,,,,,,
1/12/17,11.99,,,,,,,,
4/12/17,12.07,,,,,,,,
5/12/17,12.1,,,,,,,,
6/12/17,12.61,,,,,,,,
7/12/17,11.23,,,,,,,,
8/12/17,10.56,,,,,,,,
11/12/17,10.89,,,,,,,,
12/12/17,10.77,,,,,,,,
13/12/17,10.89,,,,,,,,
14/12/17,11.43,,,,,,,,
15/12/17,11.02,,,,,,,,
18/12/17,11.07,,,,,,,,
19/12/17,10.75,,,,,,,,
20/12/17,10.63,,,,,,,,
21/12/17,10.21,,,,,,,,
22/12/17,10.06,,,,,,,,
27/12/17,10.68,,,,,,,,
28/12/17,10.24,,,,,,,,
29/12/17,10.14,,,,,,,,
2/1/18,10.69,,,,,,,,
3/1/18,10.43,,,,,,,,
4/1/18,10.38,,,,,,,,
5/1/18,9.41,,,,,,,,
8/1/18,9.83,,,,,,,,
9/1/18,9.47,,,,,,,,
10/1/18,10.83,,,,,,,,
11/1/18,11.19,,,,,,,,
12/1/18,10.65,,,,,,,,
15/1/18,11.12,,,,,,,,
16/1/18,11.56,,,,,,,,
17/1/18,12.51,,,,,,,,
18/1/18,11.54,,,,,,,,
19/1/18,11.57,,,,,,,,
22/1/18,12.03,,,,,,,,
23/1/18,11.23,,,,,,,,
24/1/18,11.02,,,,,,,,
25/1/18,11.3,,,,,,,,
29/1/18,11.7,,,,,,,,
30/1/18,12.82,,,,,,,,
31/1/18,12.36,,,,,,,,
1/2/18,12.49,,,,,,,,
2/2/18,12.05,,,,,,,,
5/2/18,15.18,,,,,,,,
6/2/18,22.16,,,,,,,,
7/2/18,18.56,,,,,,,,
8/2/18,19.28,,,,,,,,
9/2/18,21.5,,,,,,,,
12/2/18,20.32,,,,,,,,
13/2/18,18.77,,,,,,,,
14/2/18,18.34,,,,,,,,
15/2/18,17.63,,,,,,,,
16/2/18,17.25,,,,,,,,
19/2/18,15.5,,,,,,,,
20/2/18,15.05,,,,,,,,
21/2/18,14.58,,,,,,,,
22/2/18,14.27,,,,,,,,
23/2/18,13.33,,,,,,,,
26/2/18,13.39,,,,,,,,
27/2/18,13.02,,,,,,,,
28/2/18,13.57,,,,,,,,
1/3/18,13.85,,,,,,,,
2/3/18,15.01,,,,,,,,
5/3/18,15.31,,,,,,,,
6/3/18,14.17,,,,,,,,
7/3/18,15.66,,,,,,,,
8/3/18,14.47,,,,,,,,
9/3/18,13.06,,,,,,,,
12/3/18,13.29,,,,,,,,
13/3/18,12.77,,,,,,,,
14/3/18,13.12,,,,,,,,
15/3/18,12.47,,,,,,,,
16/3/18,11.73,,,,,,,,
19/3/18,12.2,,,,,,,,
20/3/18,12.64,,,,,,,,
21/3/18,12.25,,,,,,,,
22/3/18,12.37,,,,,,,,
23/3/18,15.59,,,,,,,,
26/3/18,16.4,,,,,,,,
27/3/18,15.63,,,,,,,,
28/3/18,16.23,,,,,,,,
29/3/18,16.61,,,,,,,,
3/4/18,16.15,,,,,,,,
4/4/18,16.75,,,,,,,,
5/4/18,15.21,,,,,,,,
6/4/18,14.93,,,,,,,,
9/4/18,14.98,,,,,,,,
10/4/18,14.06,,,,,,,,
11/4/18,14.02,,,,,,,,
12/4/18,13.69,,,,,,,,
13/4/18,12.73,,,,,,,,
16/4/18,12.82,,,,,,,,
17/4/18,12.62,,,,,,,,
18/4/18,11.91,,,,,,,,
19/4/18,10.8,,,,,,,,
20/4/18,11.05,,,,,,,,
23/4/18,11.75,,,,,,,,
24/4/18,11.64,,,,,,,,
26/4/18,12.38,,,,,,,,
27/4/18,12.02,,,,,,,,
30/4/18,12.41,,,,,,,,
1/5/18,12.15,,,,,,,,
2/5/18,11.33,,,,,,,,
3/5/18,12.03,,,,,,,,
4/5/18,11.66,,,,,,,,
7/5/18,11.64,,,,,,,,
8/5/18,11.61,,,,,,,,
9/5/18,11.37,,,,,,,,
10/5/18,11.32,,,,,,,,
11/5/18,11.35,,,,,,,,
14/5/18,10.82,,,,,,,,
15/5/18,11.65,,,,,,,,
16/5/18,11.34,,,,,,,,
17/5/18,11.71,,,,,,,,
18/5/18,11.61,,,,,,,,
21/5/18,11.9,,,,,,,,
22/5/18,13.43,,,,,,,,
23/5/18,13.61,,,,,,,,
24/5/18,13.36,,,,,,,,
25/5/18,11.86,,,,,,,,
28/5/18,12.34,,,,,,,,
29/5/18,11.44,,,,,,,,
30/5/18,13.2,,,,,,,,
31/5/18,12.26,,,,,,,,
1/6/18,12.61,,,,,,,,
4/6/18,12.13,,,,,,,,
5/6/18,12.01,,,,,,,,
6/6/18,11.33,,,,,,,,
7/6/18,10.55,,,,,,,,
8/6/18,10.93,,,,,,,,
12/6/18,10.93,,,,,,,,
13/6/18,11.92,,,,,,,,
14/6/18,11.52,,,,,,,,
15/6/18,11.35,,,,,,,,
18/6/18,11.92,,,,,,,,
19/6/18,12.39,,,,,,,,
20/6/18,11.94,,,,,,,,
21/6/18,11.87,,,,,,,,
22/6/18,11.7,,,,,,,,
25/6/18,12.14,,,,,,,,
26/6/18,12.75,,,,,,,,
27/6/18,12.43,,,,,,,,
28/6/18,13.1,,,,,,,,
29/6/18,12.49,,,,,,,,
2/7/18,13.86,,,,,,,,
3/7/18,13.61,,,,,,,,
4/7/18,12.66,,,,,,,,
5/7/18,13.24,,,,,,,,
6/7/18,12.55,,,,,,,,
9/7/18,12.58,,,,,,,,
10/7/18,12.57,,,,,,,,
11/7/18,13.13,,,,,,,,
12/7/18,12.91,,,,,,,,
13/7/18,11.99,,,,,,,,
16/7/18,12.28,,,,,,,,
17/7/18,12.87,,,,,,,,
18/7/18,12.96,,,,,,,,
19/7/18,12.27,,,,,,,,
20/7/18,11.98,,,,,,,,
23/7/18,13.17,,,,,,,,
24/7/18,12.79,,,,,,,,
25/7/18,12.28,,,,,,,,
26/7/18,12.27,,,,,,,,
27/7/18,11.83,,,,,,,,
30/7/18,11.95,,,,,,,,
31/7/18,11.87,,,,,,,,
1/8/18,11.47,,,,,,,,
2/8/18,12.59,,,,,,,,
3/8/18,12.23,,,,,,,,
6/8/18,11.77,,,,,,,,
7/8/18,11.49,,,,,,,,
8/8/18,11.32,,,,,,,,
9/8/18,10.92,,,,,,,,
10/8/18,9.79,,,,,,,,
13/8/18,11.52,,,,,,,,
14/8/18,11.15,,,,,,,,
15/8/18,11.26,,,,,,,,
16/8/18,11.46,,,,,,,,
17/8/18,12.03,,,,,,,,
20/8/18,11.93,,,,,,,,
21/8/18,11.92,,,,,,,,
22/8/18,12.27,,,,,,,,
23/8/18,12.76,,,,,,,,
24/8/18,12.19,,,,,,,,
27/8/18,11.91,,,,,,,,
28/8/18,11.24,,,,,,,,
29/8/18,10.79,,,,,,,,
30/8/18,10.81,,,,,,,,
31/8/18,11.76,,,,,,,,
3/9/18,11.76,,,,,,,,
4/9/18,11.95,,,,,,,,
5/9/18,12.72,,,,,,,,
6/9/18,14.66,,,,,,,,
7/9/18,14.17,,,,,,,,
10/9/18,13.96,,,,,,,,
11/9/18,12.99,,,,,,,,
12/9/18,12.9,,,,,,,,
13/9/18,13.78,,,,,,,,
14/9/18,12.17,,,,,,,,
17/9/18,12.83,,,,,,,,
18/9/18,13,,,,,,,,
19/9/18,12.07,,,,,,,,
20/9/18,11.7,,,,,,,,
21/9/18,11.2,,,,,,,,
24/9/18,11.14,,,,,,,,
25/9/18,11.17,,,,,,,,
26/9/18,10.93,,,,,,,,
27/9/18,11.27,,,,,,,,
28/9/18,10.85,,,,,,,,
1/10/18,11.37,,,,,,,,
2/10/18,11.61,,,,,,,,
3/10/18,11.33,,,,,,,,
4/10/18,11.25,,,,,,,,
5/10/18,11.43,,,,,,,,
8/10/18,14.09,,,,,,,,
9/10/18,14.39,,,,,,,,
10/10/18,14.2,,,,,,,,
11/10/18,21.79,,,,,,,,
12/10/18,20.37,,,,,,,,
15/10/18,20.21,,,,,,,,
16/10/18,17.98,,,,,,,,
17/10/18,15.97,,,,,,,,
18/10/18,16.24,,,,,,,,
19/10/18,16.45,,,,,,,,
22/10/18,16.99,,,,,,,,
23/10/18,18.15,,,,,,,,
24/10/18,17.51,,,,,,,,
25/10/18,22.28,,,,,,,,
26/10/18,20.12,,,,,,,,
29/10/18,19.13,,,,,,,,
30/10/18,18.26,,,,,,,,
31/10/18,17.05,,,,,,,,
1/11/18,16.59,,,,,,,,
2/11/18,15.86,,,,,,,,
5/11/18,15.88,,,,,,,,
6/11/18,15.69,,,,,,,,
7/11/18,14.75,,,,,,,,
8/11/18,13.89,,,,,,,,
9/11/18,14.09,,,,,,,,
12/11/18,13.44,,,,,,,,
13/11/18,15.68,,,,,,,,
14/11/18,17.51,,,,,,,,
15/11/18,17.38,,,,,,,,
16/11/18,16.8,,,,,,,,
19/11/18,17.55,,,,,,,,
20/11/18,17.4,,,,,,,,
21/11/18,17.97,,,,,,,,
22/11/18,16.96,,,,,,,,
23/11/18,16.55,,,,,,,,
26/11/18,17,,,,,,,,
27/11/18,16.12,,,,,,,,
28/11/18,16.18,,,,,,,,
29/11/18,15.33,,,,,,,,
30/11/18,17.26,,,,,,,,
3/12/18,14.83,,,,,,,,
4/12/18,14.83,,,,,,,,
5/12/18,15.68,,,,,,,,
6/12/18,17.14,,,,,,,,
7/12/18,16.73,,,,,,,,
10/12/18,19.98,,,,,,,,
11/12/18,18.75,,,,,,,,
12/12/18,17.31,,,,,,,,
13/12/18,16.36,,,,,,,,
14/12/18,16.91,,,,,,,,
17/12/18,16.15,,,,,,,,
18/12/18,17.68,,,,,,,,
19/12/18,17.61,,,,,,,,
20/12/18,20.59,,,,,,,,
21/12/18,20.35,,,,,,,,
24/12/18,19.75,,,,,,,,
27/12/18,18.59,,,,,,,,
28/12/18,18.09,,,,,,,,
31/12/18,17.93,,,,,,,,
2/1/19,19.41,,,,,,,,
3/1/19,18.57,,,,,,,,
4/1/19,18.62,,,,,,,,
7/1/19,17.97,,,,,,,,
8/1/19,16.68,,,,,,,,
9/1/19,15.88,,,,,,,,
10/1/19,15.19,,,,,,,,
11/1/19,14.86,,,,,,,,
14/1/19,15.51,,,,,,,,
15/1/19,14.28,,,,,,,,
16/1/19,13.43,,,,,,,,
17/1/19,12.57,,,,,,,,
18/1/19,12.26,,,,,,,,
21/1/19,12.73,,,,,,,,
22/1/19,13.12,,,,,,,,
23/1/19,13.79,,,,,,,,
24/1/19,12.51,,,,,,,,
25/1/19,11.98,,,,,,,,
29/1/19,13.42,,,,,,,,
30/1/19,13.33,,,,,,,,
31/1/19,14.05,,,,,,,,
1/2/19,13.8,,,,,,,,
4/2/19,13.48,,,,,,,,
5/2/19,13.26,,,,,,,,
6/2/19,12.81,,,,,,,,
7/2/19,12.94,,,,,,,,
8/2/19,12.9,,,,,,,,
11/2/19,13.31,,,,,,,,
12/2/19,12.83,,,,,,,,
13/2/19,13.14,,,,,,,,
14/2/19,12.69,,,,,,,,
15/2/19,12.73,,,,,,,,
18/2/19,12.74,,,,,,,,
19/2/19,12.63,,,,,,,,
20/2/19,12.41,,,,,,,,
21/2/19,12.17,,,,,,,,
22/2/19,11.32,,,,,,,,
25/2/19,11.59,,,,,,,,
26/2/19,12.26,,,,,,,,
27/2/19,11.6,,,,,,,,
28/2/19,11.91,,,,,,,,
1/3/19,11.35,,,,,,,,
4/3/19,11.76,,,,,,,,
5/3/19,12.29,,,,,,,,
6/3/19,11.68,,,,,,,,
7/3/19,11.93,,,,,,,,
8/3/19,13.18,,,,,,,,
11/3/19,13.25,,,,,,,,
12/3/19,12.67,,,,,,,,
13/3/19,12.38,,,,,,,,
14/3/19,11.77,,,,,,,,
15/3/19,11.65,,,,,,,,
18/3/19,11.71,,,,,,,,
19/3/19,11.52,,,,,,,,
20/3/19,12.13,,,,,,,,
21/3/19,11.58,,,,,,,,
22/3/19,11.3,,,,,,,,
25/3/19,13.38,,,,,,,,
26/3/19,12.57,,,,,,,,
27/3/19,12.27,,,,,,,,
28/3/19,11.92,,,,,,,,
29/3/19,11.87,,,,,,,,
1/4/19,11.52,,,,,,,,
2/4/19,11.33,,,,,,,,
3/4/19,11.32,,,,,,,,
4/4/19,11.53,,,,,,,,
5/4/19,11.78,,,,,,,,
8/4/19,11.75,,,,,,,,
9/4/19,11.48,,,,,,,,
10/4/19,11.36,,,,,,,,
11/4/19,11.33,,,,,,,,
12/4/19,10.82,,,,,,,,
15/4/19,10.78,,,,,,,,
16/4/19,10.44,,,,,,,,
17/4/19,11.12,,,,,,,,
18/4/19,10.91,,,,,,,,
23/4/19,11.53,,,,,,,,
24/4/19,11.5,,,,,,,,
26/4/19,11.77,,,,,,,,
29/4/19,12.24,,,,,,,,
30/4/19,12.31,,,,,,,,
1/5/19,11.61,,,,,,,,
2/5/19,12.1,,,,,,,,
3/5/19,11.82,,,,,,,,
6/5/19,14.1,,,,,,,,
7/5/19,13.15,,,,,,,,
8/5/19,14.05,,,,,,,,
9/5/19,13.82,,,,,,,,
10/5/19,13.95,,,,,,,,
13/5/19,14.15,,,,,,,,
14/5/19,14.74,,,,,,,,
15/5/19,13.41,,,,,,,,
16/5/19,13.46,,,,,,,,
17/5/19,14.02,,,,,,,,
20/5/19,13.85,,,,,,,,
21/5/19,13.95,,,,,,,,
22/5/19,13.41,,,,,,,,
23/5/19,13.33,,,,,,,,
24/5/19,13.5,,,,,,,,
27/5/19,13.72,,,,,,,,
28/5/19,13.51,,,,,,,,
29/5/19,14.02,,,,,,,,
30/5/19,14.84,,,,,,,,
31/5/19,14.91,,,,,,,,
3/6/19,16.09,,,,,,,,
4/6/19,15.37,,,,,,,,
5/6/19,14.26,,,,,,,,
6/6/19,14.27,,,,,,,,
7/6/19,13.36,,,,,,,,
11/6/19,13.89,,,,,,,,
12/6/19,13.95,,,,,,,,
13/6/19,13.89,,,,,,,,
14/6/19,13.55,,,,,,,,
17/6/19,13.5,,,,,,,,
18/6/19,13.23,,,,,,,,
19/6/19,13.23,,,,,,,,
20/6/19,13.03,,,,,,,,
21/6/19,12.78,,,,,,,,
24/6/19,13.39,,,,,,,,
25/6/19,13.27,,,,,,,,
26/6/19,13.02,,,,,,,,
27/6/19,12.55,,,,,,,,
28/6/19,13.04,,,,,,,,
1/7/19,12.35,,,,,,,,
2/7/19,11.9,,,,,,,,
3/7/19,11.41,,,,,,,,
4/7/19,10.54,,,,,,,,
5/7/19,10.28,,,,,,,,
8/7/19,11.77,,,,,,,,
9/7/19,11.67,,,,,,,,
10/7/19,11.51,,,,,,,,
11/7/19,11.26,,,,,,,,
12/7/19,10.85,,,,,,,,
15/7/19,11.42,,,,,,,,
16/7/19,11.06,,,,,,,,
17/7/19,10.9,,,,,,,,
18/7/19,10.87,,,,,,,,
19/7/19,10.42,,,,,,,,
22/7/19,10.92,,,,,,,,
23/7/19,10.79,,,,,,,,
24/7/19,10.81,,,,,,,,
25/7/19,11.19,,,,,,,,
26/7/19,11.04,,,,,,,,
29/7/19,11.46,,,,,,,,
30/7/19,11.58,,,,,,,,
31/7/19,12.33,,,,,,,,
1/8/19,12,,,,,,,,
2/8/19,12.77,,,,,,,,
5/8/19,15.21,,,,,,,,
6/8/19,16.21,,,,,,,,
7/8/19,16.73,,,,,,,,
8/8/19,16.33,,,,,,,,
9/8/19,16.53,,,,,,,,
12/8/19,15.87,,,,,,,,
13/8/19,16.7,,,,,,,,
14/8/19,15.18,,,,,,,,
15/8/19,19.61,,,,,,,,
16/8/19,18.75,,,,,,,,
19/8/19,17.38,,,,,,,,
20/8/19,15.64,,,,,,,,
21/8/19,16.28,,,,,,,,
22/8/19,15.54,,,,,,,,
23/8/19,14.83,,,,,,,,
26/8/19,17.18,,,,,,,,
27/8/19,15.94,,,,,,,,
28/8/19,15.35,,,,,,,,
29/8/19,14.78,,,,,,,,
30/8/19,14.35,,,,,,,,
2/9/19,14.36,,,,,,,,
3/9/19,14.13,,,,,,,,
4/9/19,14,,,,,,,,
5/9/19,13.67,,,,,,,,
6/9/19,13.01,,,,,,,,
9/9/19,12.82,,,,,,,,
10/9/19,12.93,,,,,,,,
11/9/19,12.66,,,,,,,,
12/9/19,12.94,,,,,,,,
13/9/19,12.36,,,,,,,,
16/9/19,12.59,,,,,,,,
17/9/19,12.25,,,,,,,,
18/9/19,12.52,,,,,,,,
19/9/19,12.5,,,,,,,,
20/9/19,12.98,,,,,,,,
23/9/19,13.12,,,,,,,,
24/9/19,13.02,,,,,,,,
25/9/19,13.3,,,,,,,,
26/9/19,13.37,,,,,,,,
27/9/19,12.77,,,,,,,,
30/9/19,13.16,,,,,,,,
1/10/19,12.65,,,,,,,,
2/10/19,14.43,,,,,,,,
3/10/19,16.25,,,,,,,,
4/10/19,15.81,,,,,,,,
7/10/19,15.32,,,,,,,,
8/10/19,14.9,,,,,,,,
9/10/19,15.43,,,,,,,,
10/10/19,15.26,,,,,,,,
11/10/19,14.38,,,,,,,,
14/10/19,14.04,,,,,,,,
15/10/19,13.31,,,,,,,,
16/10/19,13.04,,,,,,,,
17/10/19,13.32,,,,,,,,
18/10/19,13.45,,,,,,,,
21/10/19,13.51,,,,,,,,
22/10/19,12.93,,,,,,,,
23/10/19,12.59,,,,,,,,
24/10/19,12.19,,,,,,,,
25/10/19,11.47,,,,,,,,
28/10/19,11.39,,,,,,,,
29/10/19,11.54,,,,,,,,
30/10/19,12.37,,,,,,,,
31/10/19,12.11,,,,,,,,
1/11/19,11.31,,,,,,,,
4/11/19,11.4,,,,,,,,
5/11/19,11.4,,,,,,,,
6/11/19,11.58,,,,,,,,
7/11/19,10.94,,,,,,,,
8/11/19,10.76,,,,,,,,
11/11/19,10.68,,,,,,,,
12/11/19,10.95,,,,,,,,
13/11/19,11.36,,,,,,,,
14/11/19,10.98,,,,,,,,
15/11/19,10.8,,,,,,,,
18/11/19,10.88,,,,,,,,
19/11/19,10.49,,,,,,,,
20/11/19,11.22,,,,,,,,
21/11/19,11.63,,,,,,,,
22/11/19,11.15,,,,,,,,
25/11/19,11.25,,,,,,,,
26/11/19,11.06,,,,,,,,
27/11/19,11.32,,,,,,,,
28/11/19,11.27,,,,,,,,
29/11/19,11.26,,,,,,,,
2/12/19,11.48,,,,,,,,
3/12/19,13.43,,,,,,,,
4/12/19,14.24,,,,,,,,
5/12/19,12.94,,,,,,,,
6/12/19,12.41,,,,,,,,
9/12/19,12.43,,,,,,,,
10/12/19,12.74,,,,,,,,
11/12/19,12.53,,,,,,,,
12/12/19,12.89,,,,,,,,
13/12/19,11.86,,,,,,,,
16/12/19,11.49,,,,,,,,
17/12/19,11.51,,,,,,,,
18/12/19,11.37,,,,,,,,
19/12/19,10.88,,,,,,,,
20/12/19,10.76,,,,,,,,
23/12/19,10.96,,,,,,,,
24/12/19,10.71,,,,,,,,
27/12/19,10.95,,,,,,,,
30/12/19,11.08,,,,,,,,
31/12/19,12.48,,,,,,,,
2/1/20,12.28,,,,,,,,
3/1/20,13.05,,,,,,,,
6/1/20,13.48,,,,,,,,
7/1/20,12.62,,,,,,,,
8/1/20,13.02,,,,,,,,
9/1/20,12.23,,,,,,,,
10/1/20,11.18,,,,,,,,
13/1/20,11.56,,,,,,,,
14/1/20,11.01,,,,,,,,
15/1/20,11.1,,,,,,,,
16/1/20,10.94,,,,,,,,
17/1/20,11.27,,,,,,,,
20/1/20,11.69,,,,,,,,
21/1/20,12.12,,,,,,,,
22/1/20,12.11,,,,,,,,
23/1/20,12.15,,,,,,,,
24/1/20,11.95,,,,,,,,
28/1/20,14.57,,,,,,,,
29/1/20,13.51,,,,,,,,
30/1/20,13.98,,,,,,,,
31/1/20,13.77,,,,,,,,
3/2/20,15.87,,,,,,,,
4/2/20,15.4,,,,,,,,
5/2/20,14.55,,,,,,,,
6/2/20,13.4,,,,,,,,
7/2/20,13.56,,,,,,,,
10/2/20,14.14,,,,,,,,
11/2/20,13.38,,,,,,,,
12/2/20,12.83,,,,,,,,
13/2/20,13.28,,,,,,,,
14/2/20,12.3,,,,,,,,
17/2/20,12.38,,,,,,,,
18/2/20,12.16,,,,,,,,
19/2/20,12.01,,,,,,,,
20/2/20,12.39,,,,,,,,
21/2/20,12.67,,,,,,,,
24/2/20,16,,,,,,,,
25/2/20,17.26,,,,,,,,
26/2/20,19.25,,,,,,,,
27/2/20,20.18,,,,,,,,
28/2/20,25.31,,,,,,,,
2/3/20,24.35,,,,,,,,
3/3/20,23.18,,,,,,,,
4/3/20,23.64,,,,,,,,
5/3/20,22.15,,,,,,,,
6/3/20,26.69,,,,,,,,
9/3/20,34.95,,,,,,,,
10/3/20,30.03,,,,,,,,
11/3/20,35.84,,,,,,,,
12/3/20,22.98,,,,,,,,
13/3/20,42.34,,,,,,,,
16/3/20,42.34,,,,,,,,
17/3/20,47.35,,,,,,,,
18/3/20,53.1,,,,,,,,
19/3/20,52.9,,,,,,,,
20/3/20,44.29,,,,,,,,
23/3/20,36.72,,,,,,,,
24/3/20,41.95,,,,,,,,
25/3/20,43.73,,,,,,,,
26/3/20,38.49,,,,,,,,
27/3/20,39.75,,,,,,,,
30/3/20,41.94,,,,,,,,
31/3/20,35.63,,,,,,,,
1/4/20,40.77,,,,,,,,
2/4/20,43.12,,,,,,,,
3/4/20,43.12,,,,,,,,
6/4/20,34.71,,,,,,,,
7/4/20,32.55,,,,,,,,
8/4/20,34.67,,,,,,,,
9/4/20,30.28,,,,,,,,
14/4/20,29.55,,,,,,,,
15/4/20,28.77,,,,,,,,
16/4/20,32.55,,,,,,,,
17/4/20,26.93,,,,,,,,
20/4/20,32.08,,,,,,,,
21/4/20,28.31,,,,,,,,
22/4/20,28.37,,,,,,,,
23/4/20,30.53,,,,,,,,
24/4/20,27.24,,,,,,,,
27/4/20,30.6,,,,,,,,
28/4/20,24.57,,,,,,,,
29/4/20,23.4,,,,,,,,
30/4/20,26,,,,,,,,
1/5/20,29.62,,,,,,,,
4/5/20,28.68,,,,,,,,
5/5/20,28.67,,,,,,,,
6/5/20,24.72,,,,,,,,
7/5/20,27.94,,,,,,,,
8/5/20,27.39,,,,,,,,
11/5/20,21.6,,,,,,,,
12/5/20,26.21,,,,,,,,
13/5/20,26.25,,,,,,,,
14/5/20,26.34,,,,,,,,
15/5/20,25.04,,,,,,,,
18/5/20,24.64,,,,,,,,
19/5/20,20.26,,,,,,,,
20/5/20,25.18,,,,,,,,
21/5/20,24.56,,,,,,,,
22/5/20,24.42,,,,,,,,
25/5/20,22.18,,,,,,,,
26/5/20,20.74,,,,,,,,
27/5/20,22.48,,,,,,,,
28/5/20,21.54,,,,,,,,
29/5/20,21.2,,,,,,,,
1/6/20,22.54,,,,,,,,
2/6/20,22.04,,,,,,,,
3/6/20,21.33,,,,,,,,
4/6/20,21.36,,,,,,,,
5/6/20,20.78,,,,,,,,
9/6/20,21.74,,,,,,,,
10/6/20,17.72,,,,,,,,
11/6/20,20.17,,,,,,,,
12/6/20,26.7,,,,,,,,
15/6/20,23.76,,,,,,,,
16/6/20,22.66,,,,,,,,
17/6/20,22.44,,,,,,,,
18/6/20,24,,,,,,,,
19/6/20,24.26,,,,,,,,
